datetime,machineID,volt,rotate,pressure,vibration
2015-12-31 08:00:00,1,154.58241133677,373.812359279233,94.661433926355,37.9478003453577
2015-12-31 09:00:00,1,176.362080905958,478.358822524273,83.9003301963836,43.865273582546
2015-12-31 10:00:00,1,165.634310321098,446.817760036149,92.351986154281,28.5268401633775
2015-12-31 11:00:00,1,182.369784546238,484.138876010419,97.7861200953476,44.0606104786218
2015-12-31 12:00:00,1,168.083295418894,448.998524014951,91.1227432300739,34.6334101374431
2015-12-31 13:00:00,1,199.00486882384,529.904000836019,97.8312881419845,45.6562329536083
2015-12-31 14:00:00,1,171.1255811163,396.042458640248,103.178150064245,36.2316761980388
2015-12-31 15:00:00,1,171.978926725718,470.11716588119,103.039590033317,42.8757493355773
2015-12-31 16:00:00,1,153.171438289412,398.571138255524,109.718280802453,38.4656639779253
2015-12-31 17:00:00,1,170.981674779506,415.0260889471,91.532671791767,38.0724623638957
2015-12-31 18:00:00,1,185.361326973038,451.891502141858,105.303628177482,42.7427904006699
2015-12-31 19:00:00,1,177.407045279981,412.740774819396,94.9268947593811,27.3367049121977
2015-12-31 20:00:00,1,158.703391973294,370.0405200899,120.070898836923,44.3493606351718
2015-12-31 21:00:00,1,172.129794620162,450.240478532654,87.6351874295491,35.2399692766062
2015-12-31 22:00:00,1,147.942692161706,525.424435889841,79.1365039254454,44.2954386122365
2015-12-31 23:00:00,1,156.962788513493,509.087759361731,105.320924344239,38.9393714696137
2016-01-01 00:00:00,1,172.504015204087,367.999424371424,90.7716004407721,44.9237745620372
2016-01-01 01:00:00,1,159.181462274404,482.061545209887,95.6184565595244,44.7641275621004
2016-01-01 02:00:00,1,153.724780294941,450.254337324791,85.1974429267492,43.6981372727894
2016-01-01 03:00:00,1,172.418098874024,375.701906901733,95.5682646033137,42.1116607857845
2016-01-01 04:00:00,1,174.588145036997,460.505352732143,95.4839132964218,33.293571644438
2016-01-01 05:00:00,1,184.224227623014,438.82331450933,102.6943575951,46.6095154296193
2016-01-01 06:00:00,1,191.873171142148,382.736625649486,100.893691098222,37.9402195210172
2015-12-31 08:00:00,2,151.004617886461,427.210563683048,88.4770664234519,43.5579589949516
2015-12-31 09:00:00,2,157.128675158913,572.317430987833,101.356334807856,31.1755624244719
2015-12-31 10:00:00,2,176.799845741736,384.72604481882,95.0785575739236,49.2597410341453
2015-12-31 11:00:00,2,162.878759251571,494.176646198775,104.640917406207,32.9899831209181
2015-12-31 12:00:00,2,162.429618332714,410.357175546879,116.906874378625,36.5210582407702
2015-12-31 13:00:00,2,170.172189246571,457.760845261563,110.535957087197,45.3359083402249
2015-12-31 14:00:00,2,162.131249057312,373.172892675621,119.667873445374,48.9988405381889
2015-12-31 15:00:00,2,183.849230990975,417.304783309547,97.4609354429098,36.4361759956424
2015-12-31 16:00:00,2,158.730459154898,443.433010398016,91.5650605028648,45.1499061816271
2015-12-31 17:00:00,2,158.324808326869,530.954750179483,82.5496938938918,42.0874508187587
2015-12-31 18:00:00,2,170.135643958477,442.24455348763,98.0699941985271,35.703188179872
2015-12-31 19:00:00,2,179.71222959057,462.190030098212,102.216187628706,41.9824596606088
2015-12-31 20:00:00,2,157.728288976157,491.042948048866,105.711485123879,35.3305315434068
2015-12-31 21:00:00,2,178.520936270338,397.703535821337,103.938694200871,43.5343943812522
2015-12-31 22:00:00,2,175.843256890467,451.772431551681,100.923113130531,40.5459745731288
2015-12-31 23:00:00,2,169.934712840106,430.337336417273,105.276628135587,32.7848482035372
2016-01-01 00:00:00,2,199.429818707378,365.352700240025,99.9357547021658,32.1840807794314
2016-01-01 01:00:00,2,170.492876703158,325.49595520936,91.6469297486241,39.0122421171493
2016-01-01 02:00:00,2,184.450454363484,417.062338756127,86.0210683017891,40.7923749153396
2016-01-01 03:00:00,2,167.267058575948,479.380172205857,101.744819164963,39.1565685396063
2016-01-01 04:00:00,2,169.047259894481,470.612495591234,85.7099456329825,34.8629751783903
2016-01-01 05:00:00,2,178.900281493537,493.760667524314,93.5476055219622,51.9328740311069
2016-01-01 06:00:00,2,182.021908044284,392.270187070234,99.9462932865942,41.6761841139842
2015-12-31 08:00:00,3,172.996741113876,437.930080406654,96.4338696337122,35.6418413241284
2015-12-31 09:00:00,3,191.125562240338,418.335270105165,107.233130939552,37.8897109748563
2015-12-31 10:00:00,3,161.191875507651,466.05832801655,110.458374134209,37.5701503164567
2015-12-31 11:00:00,3,180.229404637181,461.34755306126,97.2701257231994,30.4582631559159
2015-12-31 12:00:00,3,185.265387713308,536.621103980876,102.820619102339,43.9793519613909
2015-12-31 13:00:00,3,167.466828317591,443.494940484835,104.29392425714,28.2328643264829
2015-12-31 14:00:00,3,177.763473664734,388.905684805124,97.5177941446124,37.7465000893229
2015-12-31 15:00:00,3,193.82171388643,414.047419341321,107.584741596742,36.7493325649935
2015-12-31 16:00:00,3,161.905592854149,566.143081521724,90.6169061107009,39.5699432833655
2015-12-31 17:00:00,3,186.529841963509,502.96191236381,105.777946891619,42.8251842996434
2015-12-31 18:00:00,3,161.726294034911,480.060233670551,98.0047410903615,31.8609367641704
2015-12-31 19:00:00,3,170.465142669217,426.55605066536,107.946685999589,36.7323921952844
2015-12-31 20:00:00,3,160.069260566779,414.051656102197,96.5462311502822,42.1664189558202
2015-12-31 21:00:00,3,166.873438221785,437.498255968312,106.286482117028,41.3427466729876
2015-12-31 22:00:00,3,184.938119681099,415.309385127202,110.414396236489,34.1215493538302
2015-12-31 23:00:00,3,189.429842600962,451.043834519347,100.143719758521,39.9768914710552
2016-01-01 00:00:00,3,168.231702788968,510.34218757439,91.2775219477836,37.0614191803597
2016-01-01 01:00:00,3,143.82053535321,452.478583504735,88.4873537352879,38.7509619624494
2016-01-01 02:00:00,3,171.624450905155,503.108562823722,112.680908502938,41.8145776604328
2016-01-01 03:00:00,3,176.543503295408,433.705649113717,99.6571129031185,40.9384953077794
2016-01-01 04:00:00,3,168.026744734012,450.942578861913,100.083960683985,38.2935020055291
2016-01-01 05:00:00,3,164.771155176612,401.658887443546,99.2401172815527,36.7206967248674
2016-01-01 06:00:00,3,164.906466435521,410.742074763206,91.7215929669456,35.4769704962203
2015-12-31 08:00:00,4,173.929259416498,453.830214218088,99.4045513613331,40.0171382612188
2015-12-31 09:00:00,4,162.852144383525,413.317150596974,96.4143164871173,46.3290505327029
2015-12-31 10:00:00,4,184.976618288328,459.417882306553,89.1758369165557,33.3243580442237
2015-12-31 11:00:00,4,144.030729925812,447.57557628043,100.707018508026,39.5243945981529
2015-12-31 12:00:00,4,164.237828972525,490.186340095545,110.203148227758,39.8454176476708
2015-12-31 13:00:00,4,197.887413853645,403.515081618686,104.60550499139,43.2753543396185
2015-12-31 14:00:00,4,187.824096518637,446.667913765703,109.891315481726,36.2346376681628
2015-12-31 15:00:00,4,157.359961630015,447.435309632499,84.4662557889596,46.1854765668555
2015-12-31 16:00:00,4,156.80606135193,415.471098873519,87.0866536589251,39.1367556652839
2015-12-31 17:00:00,4,152.366594421306,548.571896534878,81.3589097431078,37.6307696833773
2015-12-31 18:00:00,4,159.5164664657,394.843202688971,92.431595449339,41.9888551692013
2015-12-31 19:00:00,4,159.691494756944,475.028108289296,89.8619251197319,35.0409575775273
2015-12-31 20:00:00,4,199.382980756663,490.232427678037,110.320434683452,44.1065771880869
2015-12-31 21:00:00,4,168.625087679791,405.002701939542,89.0817194137648,38.5945976462641
2015-12-31 22:00:00,4,155.31761570238,353.470395631407,93.0748643584683,38.5077961221127
2015-12-31 23:00:00,4,171.054568749156,501.900238703969,106.867050522412,32.789667415365
2016-01-01 00:00:00,4,173.391867755675,484.613237591149,88.7585233062217,37.8164145385001
2016-01-01 01:00:00,4,164.753739453952,452.548623532015,106.418983450136,35.8874950972175
2016-01-01 02:00:00,4,153.772413860389,452.669092134707,118.755521424357,40.6734725750913
2016-01-01 03:00:00,4,182.600485887541,453.443324706538,93.2145906987194,34.9212309239196
2016-01-01 04:00:00,4,134.162666327192,383.018097506684,108.622013448933,39.0958284997975
2016-01-01 05:00:00,4,183.838794011449,433.488497713121,83.3771007060571,38.0577591559204
2016-01-01 06:00:00,4,149.409695703748,522.123117483713,112.680498613138,45.6378696912759
2015-12-31 08:00:00,5,169.714293345528,421.047483318223,147.896452239291,35.6828093137399
2015-12-31 09:00:00,5,204.315282427939,449.871048099839,152.210764133979,41.11573313806
2015-12-31 10:00:00,5,171.716532810972,448.298397847893,150.099615383803,32.8847918822372
2015-12-31 11:00:00,5,150.829044526394,402.580010525349,158.39326855785,35.4234477474258
2015-12-31 12:00:00,5,186.662300214197,367.275460995336,160.598703064671,31.3044084613269
2015-12-31 13:00:00,5,154.445725580838,477.408217073877,139.91546152189,38.8826167315177
2015-12-31 14:00:00,5,146.787690173726,361.752950920002,167.049081409096,42.9998972869969
2015-12-31 15:00:00,5,182.247469809848,403.57008689308,143.419776863055,40.2001758515573
2015-12-31 16:00:00,5,197.35413342618,465.821561563448,182.111769721569,32.3808265287065
2015-12-31 17:00:00,5,184.130717433738,473.045903326933,139.961753677687,40.2418640649586
2015-12-31 18:00:00,5,138.28277577966,486.52945507092,144.751092070598,37.7101422784103
2015-12-31 19:00:00,5,168.947832180199,452.764906593209,149.248774965594,34.2654395109441
2015-12-31 20:00:00,5,168.919914189019,472.766045608682,168.638789648518,29.7759206448899
2015-12-31 21:00:00,5,161.30663509057,495.773372712474,152.067399522217,53.1345609509147
2015-12-31 22:00:00,5,158.478875852205,457.8174199555,149.063450208912,38.1273230124077
2015-12-31 23:00:00,5,146.133594370064,362.665612606354,149.491904831606,42.126985959398
2016-01-01 00:00:00,5,185.666253234101,458.694270147148,157.826736793038,42.1245025442756
2016-01-01 01:00:00,5,150.184486460957,481.842002463696,156.119513841002,36.9431012264072
2016-01-01 02:00:00,5,162.96488718125,511.046527240412,153.187089728563,41.7721482359371
2016-01-01 03:00:00,5,136.402164827222,402.228972189586,152.191926077851,38.0782410915548
2016-01-01 04:00:00,5,181.426438691442,460.280664806716,142.451849011555,44.5514770690465
2016-01-01 05:00:00,5,178.261658095245,424.821799984634,156.228631304452,39.9769098996417
2016-01-01 06:00:00,5,178.789196803409,415.167297806061,142.414273443305,47.020210341448
2015-12-31 08:00:00,6,168.246407589974,366.492012912018,129.983842151885,44.1200987453192
2015-12-31 09:00:00,6,153.479436875417,425.102077400182,108.153407461446,38.7926179326717
2015-12-31 10:00:00,6,176.915767109788,464.906406716282,95.8603869829328,45.754274667564
2015-12-31 11:00:00,6,165.31608446065,395.95426485512,92.0363622558179,42.9775215177064
2015-12-31 12:00:00,6,181.474411720125,414.255441719832,104.78415579799,29.5508470234591
2015-12-31 13:00:00,6,165.326342873799,490.942299338616,91.5649234006831,35.2153567072801
2015-12-31 14:00:00,6,182.803081999698,431.942955149504,108.543211555779,45.0357717524581
2015-12-31 15:00:00,6,167.7907537794,390.415325963496,100.712527590244,38.4205027689252
2015-12-31 16:00:00,6,148.166670302704,527.050813968104,90.1796428425405,39.8608290082948
2015-12-31 17:00:00,6,175.035345128234,512.871097442053,97.073696660477,35.2187805487967
2015-12-31 18:00:00,6,162.703163209491,411.612473053984,100.445687768375,35.3896676764949
2015-12-31 19:00:00,6,179.875271810244,474.39654498013,100.468567116525,43.5394295989215
2015-12-31 20:00:00,6,185.501914123731,473.746048323244,108.025002330837,39.5824497431678
2015-12-31 21:00:00,6,206.341597383012,394.506372953061,83.8698468104315,37.711790753739
2015-12-31 22:00:00,6,151.985403017668,444.94668476476,83.0480839257696,38.3149397546796
2015-12-31 23:00:00,6,174.007719169966,519.447187251847,85.6108867585162,37.5329233048837
2016-01-01 00:00:00,6,169.505568004297,337.516129308419,88.1928973214214,42.4557665937206
2016-01-01 01:00:00,6,156.43396099334,468.27881308161,92.9917521384647,32.6754421167069
2016-01-01 02:00:00,6,164.699038331891,382.514348747148,85.7786288338672,42.0545474500677
2016-01-01 03:00:00,6,184.488119464008,520.111278389169,87.1033791979794,48.6496296733306
2016-01-01 04:00:00,6,168.665717702925,462.961659179025,107.157858176541,48.4317334489119
2016-01-01 05:00:00,6,170.014650207095,528.786494364735,86.786087454522,40.1828846172926
2016-01-01 06:00:00,6,181.209176066683,393.853196756405,98.7435776447533,41.879119716623
2015-12-31 08:00:00,7,173.799367253055,487.376247406747,103.938164260691,42.0497557951935
2015-12-31 09:00:00,7,193.566831837132,404.702111906575,103.930258618507,34.9585005657106
2015-12-31 10:00:00,7,174.375346199048,482.975515932577,83.5714875099375,41.521129893313
2015-12-31 11:00:00,7,163.299503379992,456.034217852769,110.705897745548,44.7042084343405
2015-12-31 12:00:00,7,149.373657096395,470.114984648963,101.815021123071,30.5334892373866
2015-12-31 13:00:00,7,167.34248580134,383.905318861299,99.8550253723214,45.1176302480455
2015-12-31 14:00:00,7,171.147955226702,430.107008692762,103.666447021441,39.6885034031865
2015-12-31 15:00:00,7,194.615533248645,495.622038894237,94.0242597796619,49.8305954843952
2015-12-31 16:00:00,7,170.182307161078,343.132610022144,80.3692820868137,41.3629262142402
2015-12-31 17:00:00,7,176.623258496138,466.35957351621,104.295936132071,49.8760090003203
2015-12-31 18:00:00,7,172.029905837295,537.99956916342,94.8768836567073,42.6756760599167
2015-12-31 19:00:00,7,138.331080594676,470.420277581271,93.298940968418,46.6195408446259
2015-12-31 20:00:00,7,174.800278258557,482.116309083583,101.599167792267,35.172389589431
2015-12-31 21:00:00,7,174.781929334577,459.945461542649,97.0729623207287,32.2965677192295
2015-12-31 22:00:00,7,154.299183275964,504.715302447344,93.3996323984602,34.2368230345754
2015-12-31 23:00:00,7,140.976369998588,478.337440045986,93.766967547977,38.560844942127
2016-01-01 00:00:00,7,161.492498689656,363.042277666491,101.672315848925,43.4865472266474
2016-01-01 01:00:00,7,228.709576046992,497.676989407537,113.616944234727,50.9545830539397
2016-01-01 02:00:00,7,159.233176392217,386.293767671888,95.6753576887422,42.9762096194505
2016-01-01 03:00:00,7,158.44289761317,401.708066934722,90.7485548052308,34.6598155780059
2016-01-01 04:00:00,7,145.352370236489,478.619252393409,101.410931753623,31.8649078239963
2016-01-01 05:00:00,7,152.655158953759,386.996312147721,93.7771560539933,36.513824584727
2016-01-01 06:00:00,7,181.343113336636,339.771881110878,107.48823366633,37.9332084601299
2015-12-31 08:00:00,8,175.322293279508,427.628888791429,83.3138646279793,47.3466743027639
2015-12-31 09:00:00,8,193.241648423928,374.529692432181,96.0951057499153,35.699727820397
2015-12-31 10:00:00,8,161.978385205715,495.514196166041,91.8377928064798,36.3550719379181
2015-12-31 11:00:00,8,179.821862119335,489.78832432977,100.019341551944,38.271812684835
2015-12-31 12:00:00,8,169.156403549358,393.168203562535,96.1742520497181,30.1438645247834
2015-12-31 13:00:00,8,172.874413730654,402.087416884127,110.277332981918,34.399562496587
2015-12-31 14:00:00,8,156.512502288902,403.733653548401,72.8578288721857,35.5714796026463
2015-12-31 15:00:00,8,172.848114790287,503.527563677408,97.9555653631759,46.6251111264919
2015-12-31 16:00:00,8,193.540004531272,445.882934906977,94.8766585839818,38.2643625494353
2015-12-31 17:00:00,8,177.823939502009,401.49442699555,103.114258045888,35.347902878568
2015-12-31 18:00:00,8,196.254920320493,381.242004534954,102.700830937057,46.2791373393035
2015-12-31 19:00:00,8,129.047344408237,459.656835502243,99.1476149458312,34.772071922104
2015-12-31 20:00:00,8,175.93390341898,459.514124006648,125.572501374414,40.2984321477875
2015-12-31 21:00:00,8,158.29654191112,441.846162392911,104.944802395414,41.2827286927368
2015-12-31 22:00:00,8,218.15883157107,415.042667827888,105.516073548564,34.2044264744212
2015-12-31 23:00:00,8,162.096210848557,493.904000153184,85.0952077058279,45.9408989159505
2016-01-01 00:00:00,8,147.308695794908,392.750350491532,98.9940798801798,45.8488655959901
2016-01-01 01:00:00,8,180.625881099641,468.206542866309,84.4738395456648,43.5656530240055
2016-01-01 02:00:00,8,197.681795866351,451.53759452115,115.815266110563,36.8260447096359
2016-01-01 03:00:00,8,164.612332637863,518.660981228808,98.9352864911068,45.4789593436906
2016-01-01 04:00:00,8,154.289488766632,479.961644948476,108.873396997519,37.5729983241302
2016-01-01 05:00:00,8,199.381891559817,477.802146232649,96.5160921404477,44.9586403744607
2016-01-01 06:00:00,8,168.43918407724,438.340305036815,89.904140744216,32.1545241275153
2015-12-31 08:00:00,9,172.039177619573,382.441926146377,98.7811831450185,42.1047241997845
2015-12-31 09:00:00,9,180.250976298039,375.915008669632,110.361609076268,43.2134493521399
2015-12-31 10:00:00,9,181.438225892336,390.945522381923,95.9948053622988,39.1740953495246
2015-12-31 11:00:00,9,169.089174046661,309.495772126642,88.437443953702,36.5169928118682
2015-12-31 12:00:00,9,180.216461175256,413.499663404948,72.6668900064748,41.7105293247361
2015-12-31 13:00:00,9,155.955390014278,414.955425581012,93.2357881932323,43.8989311411401
2015-12-31 14:00:00,9,143.180695328028,443.610817910952,106.288668736876,41.3595268775513
2015-12-31 15:00:00,9,169.037919029946,490.834419769283,92.0999124649255,44.0129651143533
2015-12-31 16:00:00,9,172.281188844444,473.293618095026,98.9424942865492,39.9507761630556
2015-12-31 17:00:00,9,154.931759544119,509.343767939191,87.8150143226743,55.714226911906
2015-12-31 18:00:00,9,153.367771839071,467.868279653076,101.070616220189,36.4319670900614
2015-12-31 19:00:00,9,172.698972666791,550.958535523136,97.7407132368384,40.6602153907632
2015-12-31 20:00:00,9,175.092817781042,414.000829168641,105.62015064041,36.1723959582542
2015-12-31 21:00:00,9,156.452417800809,619.416839034994,113.05905982684,44.9167067924055
2015-12-31 22:00:00,9,156.289371747516,395.673712755385,98.0119394382058,42.6371951799838
2015-12-31 23:00:00,9,135.650960736572,450.695831250756,105.694396941296,38.185651758191
2016-01-01 00:00:00,9,172.007689864392,424.563607235897,83.0857925145883,37.6176372064837
2016-01-01 01:00:00,9,178.513411293532,461.692744651995,104.668297928654,39.8795649026661
2016-01-01 02:00:00,9,192.828490520754,478.575742057003,97.5910192127866,38.5709693029694
2016-01-01 03:00:00,9,177.746444590463,446.006387223313,103.082124139067,43.3438471885721
2016-01-01 04:00:00,9,172.149884142573,357.283755465411,88.0318136675959,33.9730488480933
2016-01-01 05:00:00,9,179.33836599565,493.446783052029,114.479361972807,39.4413883361084
2016-01-01 06:00:00,9,176.007479876459,414.778969600764,93.2435796817363,37.5943980201511
2015-12-31 08:00:00,10,132.043393587498,451.097905658978,95.5679806149448,49.3016185442177
2015-12-31 09:00:00,10,167.146787160616,434.963114254811,94.2306393226713,37.8152236873344
2015-12-31 10:00:00,10,169.754297554762,525.701025848543,97.9315336399564,36.6869907608968
2015-12-31 11:00:00,10,172.043934110122,486.163157575851,94.6876932706328,40.0487340158649
2015-12-31 12:00:00,10,170.413625814618,436.679167056181,117.407913947022,43.103872889056
2015-12-31 13:00:00,10,195.065823052552,563.935810157124,96.5941320990436,40.9313838465518
2015-12-31 14:00:00,10,210.146997564294,427.555111345044,106.089701577612,39.0406124536156
2015-12-31 15:00:00,10,176.990898769361,412.905637181501,95.4540945509168,46.4261847956349
2015-12-31 16:00:00,10,174.708153617248,445.389569288835,90.5277597958174,32.7970985890903
2015-12-31 17:00:00,10,187.886807581419,487.525732552083,96.5298244560128,41.2416758255877
2015-12-31 18:00:00,10,175.801427349996,500.740177579381,103.480680166846,35.1119954941981
2015-12-31 19:00:00,10,148.026674659071,458.519468843728,117.466121721942,38.9672121755544
2015-12-31 20:00:00,10,169.476161911506,420.436730867137,98.8948845121205,44.50610565935
2015-12-31 21:00:00,10,133.436476865356,443.65895021533,107.203405822426,45.853120957627
2015-12-31 22:00:00,10,168.996315868043,409.837720281581,90.8461621126971,27.1447708745044
2015-12-31 23:00:00,10,160.702939242962,427.609159030323,102.89635674015,38.3438485862724
2016-01-01 00:00:00,10,155.317649102869,428.087242143629,111.404000989933,36.1840515290022
2016-01-01 01:00:00,10,169.654528739162,388.077585874569,80.9548199920657,45.5434476463135
2016-01-01 02:00:00,10,173.162248183504,467.357244292106,92.9912674016329,46.1335802368014
2016-01-01 03:00:00,10,151.582185044101,427.405400671989,80.534193000329,38.4590835893021
2016-01-01 04:00:00,10,183.316893453638,427.187260574661,113.411559011193,43.9578981780224
2016-01-01 05:00:00,10,171.857519722807,421.864618741061,91.9228933667865,34.7037754089369
2016-01-01 06:00:00,10,154.003010649551,362.335963548815,111.683488929265,41.8833337114158
2015-12-31 08:00:00,11,135.693058086876,440.839360182354,97.7087457541595,38.3784068019562
2015-12-31 09:00:00,11,173.979973117301,361.304167645245,118.908851904001,37.1040359577547
2015-12-31 10:00:00,11,176.693497335616,494.491535300577,108.952137022065,37.7916761998893
2015-12-31 11:00:00,11,183.059923182809,542.267943991191,119.145645013461,37.306158009032
2015-12-31 12:00:00,11,180.355805421687,382.306261223494,88.3919891749653,35.2512495100875
2015-12-31 13:00:00,11,155.139768810597,395.583184163492,101.993015722337,46.7040641401083
2015-12-31 14:00:00,11,173.203080032495,438.389678544264,107.136261440198,47.6415619322356
2015-12-31 15:00:00,11,171.382608344021,428.102813639144,106.683795373465,34.3279397947765
2015-12-31 16:00:00,11,152.486582019649,458.926781300507,85.858726922467,44.7581510477294
2015-12-31 17:00:00,11,160.868059341583,431.542670549944,91.1556874350049,45.8874521868333
2015-12-31 18:00:00,11,177.541321470903,461.411078905001,94.710247383869,46.2521929974218
2015-12-31 19:00:00,11,187.377253754027,472.891996532015,104.360525866644,38.8615805600174
2015-12-31 20:00:00,11,158.082979622255,443.24645895033,99.6812571993135,37.2296982649994
2015-12-31 21:00:00,11,167.908399755987,496.022808263169,97.2047638083485,37.8132228442925
2015-12-31 22:00:00,11,179.470801630434,534.317501029594,97.9406681967688,42.4612228319943
2015-12-31 23:00:00,11,166.060853975897,506.499930682205,110.741012002715,40.0596173525821
2016-01-01 00:00:00,11,156.258346210665,420.345320481499,115.17020184825,43.2258095838788
2016-01-01 01:00:00,11,170.587697942219,434.113719662548,98.4169643125659,34.8380518758694
2016-01-01 02:00:00,11,196.938165863135,519.387436227755,105.389834787716,35.6263351181142
2016-01-01 03:00:00,11,164.827232617115,385.385765449581,117.659935994362,39.238836900874
2016-01-01 04:00:00,11,176.453689267137,442.420760515004,113.565015093717,43.272019219636
2016-01-01 05:00:00,11,152.02773187789,444.685416595172,92.9497222047673,40.9669332657139
2016-01-01 06:00:00,11,172.879051203201,444.2129858206,109.394616372646,34.0622458511297
2015-12-31 08:00:00,12,174.253323925228,464.515288012164,114.801337785272,38.211507652053
2015-12-31 09:00:00,12,166.163999756498,469.710952698884,106.882782745658,38.8720157071377
2015-12-31 10:00:00,12,141.992004235959,398.119390552086,100.202244666288,31.0455095380122
2015-12-31 11:00:00,12,150.276998019551,409.661052499134,112.935469696667,45.7360038378973
2015-12-31 12:00:00,12,195.682689210387,377.954419448295,112.846193581339,43.9220384947294
2015-12-31 13:00:00,12,183.987254479319,417.649455664852,92.0065939702022,35.9205752971984
2015-12-31 14:00:00,12,169.818178145796,503.848033330851,108.756434849486,46.2399106846034
2015-12-31 15:00:00,12,151.669326118793,411.971950513235,104.965124053586,41.7713722918429
2015-12-31 16:00:00,12,148.631954011176,482.311391639713,93.850021585807,34.6044151286907
2015-12-31 17:00:00,12,126.454990148504,360.522144991085,89.7464769413097,40.6314858074402
2015-12-31 18:00:00,12,153.596157324951,435.74157388675,92.0966143520898,32.368069640473
2015-12-31 19:00:00,12,159.219238857582,424.063466395226,101.368387203267,45.8096746154232
2015-12-31 20:00:00,12,170.461300116026,441.059727494077,112.60931381429,40.7170206163989
2015-12-31 21:00:00,12,187.750260538866,568.285127916294,102.881621369389,32.7737309229701
2015-12-31 22:00:00,12,181.661658762988,396.741688705785,101.296670300188,39.7002932730466
2015-12-31 23:00:00,12,160.837746920371,437.791301053497,90.4639552337232,38.7098992602491
2016-01-01 00:00:00,12,158.397081094539,475.383329292231,101.392645243721,34.2098162291931
2016-01-01 01:00:00,12,166.415486146931,484.259366348778,101.326649774783,33.8366789931555
2016-01-01 02:00:00,12,181.113419826192,397.959616021809,105.158763785387,36.4366472260018
2016-01-01 03:00:00,12,161.462369069699,509.598834743375,104.737001436306,41.7018797065401
2016-01-01 04:00:00,12,148.373114497021,498.232885599539,88.182323710633,38.5812172487934
2016-01-01 05:00:00,12,194.185537930969,361.22346174949,110.85710359524,27.3697420501731
2016-01-01 06:00:00,12,159.253040980583,445.363458487977,98.9154952771906,39.9765159264672
2015-12-31 08:00:00,13,215.072244047475,597.014756943156,65.5212292140027,33.4530480510814
2015-12-31 09:00:00,13,177.710149902266,401.414942705908,93.296655545189,43.0677387803936
2015-12-31 10:00:00,13,181.965655654922,556.596577301883,101.614745540137,42.1444952498713
2015-12-31 11:00:00,13,203.654224947667,464.156327859425,101.378645856368,38.4861292287572
2015-12-31 12:00:00,13,158.850528633359,361.924526038676,86.0474518019911,32.1239638416816
2015-12-31 13:00:00,13,180.125140639566,406.494823993359,92.8447529140321,36.8268582407956
2015-12-31 14:00:00,13,213.004641370072,506.210389857173,92.2913995566379,29.330007411693
2015-12-31 15:00:00,13,179.767922950635,581.420850118148,107.929310958038,41.1307178026936
2015-12-31 16:00:00,13,153.725883459966,447.259350193744,85.5822961842409,41.029286786573
2015-12-31 17:00:00,13,183.230381750641,355.517378484552,107.879681099628,40.2133336463949
2015-12-31 18:00:00,13,170.793012176572,484.009414250732,91.1798866266138,36.4176345125361
2015-12-31 19:00:00,13,161.536930334352,438.177684250646,102.891828199349,39.9549910231552
2015-12-31 20:00:00,13,167.054159157218,502.830846027602,100.417202931496,35.0580693377907
2015-12-31 21:00:00,13,167.177875274656,400.575497153663,104.98298142972,40.3375566588974
2015-12-31 22:00:00,13,168.816563657472,446.158909238203,117.411947886885,37.2941094454591
2015-12-31 23:00:00,13,143.702584039926,471.735062792719,90.178655276824,43.8343071714553
2016-01-01 00:00:00,13,169.405307403671,443.887076575136,113.185169184711,40.4142132114471
2016-01-01 01:00:00,13,179.940401584681,575.810223153454,127.686236566703,45.2699862060382
2016-01-01 02:00:00,13,164.173582412354,493.756139209749,115.427527042572,43.5820304808081
2016-01-01 03:00:00,13,166.022552200714,472.788378018503,83.2513212673149,42.4621682976143
2016-01-01 04:00:00,13,173.116181655356,453.326906573901,106.12891430885,38.0424531332513
2016-01-01 05:00:00,13,160.1007933459,440.248697511717,121.054676918269,41.0564400507744
2016-01-01 06:00:00,13,165.455871656461,448.441282386135,97.3055293830968,34.6730002020105
2015-12-31 08:00:00,14,180.429182117307,372.887130703681,98.6221805870786,42.0503948419135
2015-12-31 09:00:00,14,163.908378517668,458.688068950771,93.9324130350616,41.4078916664927
2015-12-31 10:00:00,14,143.995855490092,365.793386666948,124.584406951513,42.6450092068537
2015-12-31 11:00:00,14,177.140455753502,503.792801418943,114.158084412211,30.5806678262235
2015-12-31 12:00:00,14,190.034391620428,451.4249449703,98.9699616026403,37.7064052809291
2015-12-31 13:00:00,14,172.85686363545,414.501585060151,92.133477275573,36.2231123634746
2015-12-31 14:00:00,14,185.861453560861,510.023466694439,92.5302779669556,40.3893463962531
2015-12-31 15:00:00,14,182.47778067357,416.075812190115,104.840232809684,37.9875785465631
2015-12-31 16:00:00,14,163.093821325712,456.755876848915,116.174549671819,41.7890679123316
2015-12-31 17:00:00,14,212.349077448129,499.933513273444,98.9268949693891,36.217584201296
2015-12-31 18:00:00,14,173.50602302736,450.625535521024,96.8597277079276,38.9050510641897
2015-12-31 19:00:00,14,180.633578086605,449.559980804501,104.012502556731,26.3553958958529
2015-12-31 20:00:00,14,166.895584143851,423.485332957151,87.4223431267838,40.578636366221
2015-12-31 21:00:00,14,180.397827234091,401.380979804783,105.296458491515,44.1218605603704
2015-12-31 22:00:00,14,177.940997966616,411.059287648899,97.4119376929847,46.6269497585179
2015-12-31 23:00:00,14,164.867561107938,525.844723034833,116.463258726155,39.0161915415854
2016-01-01 00:00:00,14,192.15090665372,350.586853454041,94.5942813321371,41.705631489396
2016-01-01 01:00:00,14,138.221590676907,482.331745231515,117.642856806031,41.2315012095203
2016-01-01 02:00:00,14,170.63710633122,404.798792514516,99.3761946715896,39.8047048418596
2016-01-01 03:00:00,14,166.599914311713,458.880116453183,93.2486076179184,43.0876709760966
2016-01-01 04:00:00,14,166.654528396852,492.215673017135,94.6667164805457,32.1751384161251
2016-01-01 05:00:00,14,179.940302018175,464.407939297145,113.73477227827,36.6535461684221
2016-01-01 06:00:00,14,182.880955553776,425.355113943002,97.2305057499477,47.6503773771342
2015-12-31 08:00:00,15,185.59996635211,432.527032855056,121.554638106543,35.2669492024929
2015-12-31 09:00:00,15,187.084936707954,381.631232182188,109.269885013676,47.0565907151602
2015-12-31 10:00:00,15,170.674375042596,451.417357512019,120.011899106792,38.9400650282418
2015-12-31 11:00:00,15,172.645346459396,415.255086693432,129.704588618882,47.9424365152173
2015-12-31 12:00:00,15,201.836660320332,424.498217277602,112.366331734439,41.906643180486
2015-12-31 13:00:00,15,186.319156020691,486.222260057793,105.803061225656,46.8558222233243
2015-12-31 14:00:00,15,192.430966866686,417.673640923382,125.994132599454,34.4637145119397
2015-12-31 15:00:00,15,218.176429932176,451.977768872174,123.468983154774,36.6260339424729
2015-12-31 16:00:00,15,201.228428774009,476.892459492145,124.078421976625,37.9520056547853
2015-12-31 17:00:00,15,188.414482186216,515.933969095599,117.454776621404,40.6293965856487
2015-12-31 18:00:00,15,228.553808435402,433.877996343341,130.50854248686,34.6009527894321
2015-12-31 19:00:00,15,212.127174336642,505.157070459826,118.292646012272,51.2762175591442
2015-12-31 20:00:00,15,194.710906711758,521.371765140734,139.846703142918,41.1478065999733
2015-12-31 21:00:00,15,191.547090158175,441.256313326,131.990586669892,48.3951836462082
2015-12-31 22:00:00,15,172.042081712141,438.85156405129,139.153792080111,42.2436206616135
2015-12-31 23:00:00,15,198.362906766424,355.565355086903,115.273042942158,44.5001901751854
2016-01-01 00:00:00,15,188.332906692513,522.026065929085,136.906367141097,40.8873702943124
2016-01-01 01:00:00,15,182.688203759472,462.973048550996,140.678250251069,47.3727800006385
2016-01-01 02:00:00,15,173.034061657211,466.257152403425,134.029341098638,42.1539944063981
2016-01-01 03:00:00,15,178.668641587026,383.352098106231,127.39674784197,44.0974029622338
2016-01-01 04:00:00,15,194.799095449225,432.007908004687,111.876763686552,34.9902185061271
2016-01-01 05:00:00,15,188.900486920427,473.482209865335,118.734595285718,36.0042950322095
2016-01-01 06:00:00,15,196.508873215114,497.583759524472,124.921627456992,39.5319986466137
2015-12-31 08:00:00,16,165.170747222742,514.85745564525,96.012369512791,53.5540196852293
2015-12-31 09:00:00,16,174.775250707113,485.837083166424,95.9521459923033,43.713914343284
2015-12-31 10:00:00,16,170.949842219755,527.03398402173,84.5131803166707,49.0423041327615
2015-12-31 11:00:00,16,145.708197471252,442.021300412104,118.113865226787,47.0814999912348
2015-12-31 12:00:00,16,163.744554530847,376.701435801149,101.13953748809,48.3398021434734
2015-12-31 13:00:00,16,146.101366531638,356.823988178896,94.5925237923985,45.3247161418237
2015-12-31 14:00:00,16,164.300790392176,465.63371628393,103.665051264531,47.1530036616195
2015-12-31 15:00:00,16,153.769837112097,308.069124281708,90.6753294020162,52.2473476211385
2015-12-31 16:00:00,16,197.342112888122,424.613505910899,93.3429452337157,50.3822686017965
2015-12-31 17:00:00,16,164.970973692231,396.897799786839,89.7908639486287,55.4560481197018
2015-12-31 18:00:00,16,139.849613206112,438.087059551098,115.649013247256,49.4748918934458
2015-12-31 19:00:00,16,163.435889260373,474.614051860925,95.2225023253439,52.0463772586834
2015-12-31 20:00:00,16,174.149831539062,457.299014576253,105.577914732806,51.2659394933894
2015-12-31 21:00:00,16,146.097945594929,426.177738807338,88.2235844451546,53.2803486404872
2015-12-31 22:00:00,16,172.082304633795,409.326464242285,100.573010411255,58.6387335879688
2015-12-31 23:00:00,16,159.178126184424,530.006630400965,108.714944039856,50.8252590207957
2016-01-01 00:00:00,16,184.435223467337,483.074010908194,88.7906774085789,43.8187938716403
2016-01-01 01:00:00,16,148.346601352285,530.249538302817,78.2967341128059,46.5858640937397
2016-01-01 02:00:00,16,166.331869011444,356.305088528884,104.513639965916,42.9646185522
2016-01-01 03:00:00,16,193.105673175691,476.080234890889,93.9093465735446,45.585342391555
2016-01-01 04:00:00,16,165.233629832798,466.342690569184,96.2924747403474,48.4009638011912
2016-01-01 05:00:00,16,188.219241618505,543.471425779834,86.7160037559113,47.2713578972811
2016-01-01 06:00:00,16,174.9751513741,448.188020363534,95.4439041917364,41.8669171469257
2015-12-31 08:00:00,17,178.33747121162,374.199742766954,93.136093624908,45.7064046239791
2015-12-31 09:00:00,17,179.401804308194,429.389773982529,103.567661767608,50.1112046011075
2015-12-31 10:00:00,17,168.172969342755,498.877915030662,98.5998803967552,44.1172369094264
2015-12-31 11:00:00,17,170.136478274912,390.734457317981,94.67812134724,39.1958861243699
2015-12-31 12:00:00,17,186.952820244382,456.923341020805,96.8681466539124,45.1028057834159
2015-12-31 13:00:00,17,143.472730493203,419.491926789487,100.543440442558,43.8808222560964
2015-12-31 14:00:00,17,182.280374351382,509.606213919591,106.899773640192,38.6472220556593
2015-12-31 15:00:00,17,166.0102933134,410.779096900567,94.1155910881215,33.9354713522595
2015-12-31 16:00:00,17,173.160869173766,439.039169482405,97.8923838385055,33.2041913543497
2015-12-31 17:00:00,17,165.341840629485,386.158762091664,100.379107163688,33.9909598149983
2015-12-31 18:00:00,17,156.117183699123,469.609875567152,114.858673237502,39.0515150331323
2015-12-31 19:00:00,17,169.97896388203,396.024463873776,102.353183029979,37.9780205258862
2015-12-31 20:00:00,17,157.879424976463,378.330591676257,101.512387825092,38.698731882574
2015-12-31 21:00:00,17,156.071297661793,482.148701471682,102.164524244606,39.6019004272739
2015-12-31 22:00:00,17,158.770743267076,525.254624162189,95.008140325004,40.8454718008483
2015-12-31 23:00:00,17,184.885071366589,530.665123854858,100.237730927108,40.3416876160962
2016-01-01 00:00:00,17,141.647084087029,513.470062904467,96.703084320013,52.6341829042667
2016-01-01 01:00:00,17,167.681999434718,439.958263861038,74.753186024497,42.8786280704672
2016-01-01 02:00:00,17,175.841755376244,455.530367205453,107.644231792205,45.0923663010321
2016-01-01 03:00:00,17,155.390290712549,465.454958156869,110.024141700873,46.9603844451322
2016-01-01 04:00:00,17,192.178400564016,430.95267927468,102.647909614947,41.8248825035046
2016-01-01 05:00:00,17,149.280513682691,401.133340296466,98.9337748184278,35.0205849442602
2016-01-01 06:00:00,17,140.489195543317,422.602309205583,87.7365728293317,54.5515720211399
2015-12-31 08:00:00,18,164.901884001348,510.74446548515,88.9879672204821,42.3006747206262
2015-12-31 09:00:00,18,175.496799926382,462.493573213701,83.2959215561624,42.6041286140413
2015-12-31 10:00:00,18,170.784668261191,446.100440413067,95.974115177808,38.9999435595034
2015-12-31 11:00:00,18,161.232929036072,444.216217625213,78.352931779715,33.1562144232764
2015-12-31 12:00:00,18,185.483752355537,476.853571131406,102.379160085307,42.1863630759855
2015-12-31 13:00:00,18,184.487819327964,488.597343292971,92.7724241706688,40.9024974347241
2015-12-31 14:00:00,18,137.090464532224,487.314291429782,98.74493477481,45.7821891869173
2015-12-31 15:00:00,18,146.208037987858,517.673744617426,101.553917387969,37.4852392809045
2015-12-31 16:00:00,18,161.490349643563,398.6049953272,92.4633650289472,40.3584769191574
2015-12-31 17:00:00,18,126.579164132532,371.650806436646,111.758798551359,41.2388334777003
2015-12-31 18:00:00,18,184.946025513197,420.51805425878,93.1203410411384,38.4971530987894
2015-12-31 19:00:00,18,158.094568030074,418.660262569546,84.8050466244617,48.4799015725322
2015-12-31 20:00:00,18,156.260437241581,406.641348307785,97.366328042964,43.2451710901798
2015-12-31 21:00:00,18,206.912695897077,364.331727584761,87.6087273750051,28.8844065869987
2015-12-31 22:00:00,18,160.796230805343,393.342153215641,103.190446774696,45.5009984652125
2015-12-31 23:00:00,18,170.819527288563,508.198202589022,94.6757772251223,40.7629324283909
2016-01-01 00:00:00,18,196.775824764631,438.225270001302,121.377406628115,48.5439923168185
2016-01-01 01:00:00,18,156.348847924484,346.43016143942,114.86196471332,43.4300236331913
2016-01-01 02:00:00,18,172.181407510838,394.937937445199,101.306448224168,43.9056950468917
2016-01-01 03:00:00,18,172.704040413117,447.463871610488,82.6513411145163,40.583239726299
2016-01-01 04:00:00,18,196.824918020161,433.086253946848,129.898192860553,43.6231197795858
2016-01-01 05:00:00,18,186.796753724179,486.216284858904,95.5164632551032,35.3379878248487
2016-01-01 06:00:00,18,153.270562356245,424.282249771675,101.423288513131,40.060349176937
2015-12-31 08:00:00,19,170.939885907218,537.367284881214,95.6139995607717,41.0185581432339
2015-12-31 09:00:00,19,175.096829884132,492.309971074489,102.143710706287,40.3405744701564
2015-12-31 10:00:00,19,162.282918180894,422.676571142532,97.1143419197501,43.0524552997289
2015-12-31 11:00:00,19,174.102781554451,531.148958308821,118.208062422566,36.2022087126851
2015-12-31 12:00:00,19,167.085017758216,473.077077340985,94.5006014107979,43.9814994138239
2015-12-31 13:00:00,19,173.14720879026,365.275641307714,100.094614127218,40.6626726251347
2015-12-31 14:00:00,19,180.788869976888,333.598509785869,97.9643242230568,38.4944001733288
2015-12-31 15:00:00,19,180.599044695505,495.040073761718,120.905783270469,43.7686186101066
2015-12-31 16:00:00,19,208.153396905243,413.828137036819,100.22070484532,27.9294934920293
2015-12-31 17:00:00,19,167.656407951727,403.070163596696,101.549066952773,34.9465046411104
2015-12-31 18:00:00,19,168.309795375863,327.756198376512,98.5870006116176,49.7635475184897
2015-12-31 19:00:00,19,185.704690769325,478.434997483241,100.155607425751,41.6962059676195
2015-12-31 20:00:00,19,189.725475634782,451.558620042378,105.636666934628,39.1570488771728
2015-12-31 21:00:00,19,182.31641021696,424.182276153612,92.6607907587558,45.9503257122443
2015-12-31 22:00:00,19,175.738438436692,506.913673799953,87.7768354610425,48.4745638078289
2015-12-31 23:00:00,19,168.284496997277,482.116034497997,107.44166747174,47.3210030328335
2016-01-01 00:00:00,19,144.869123042807,443.324771209709,95.2947791592034,36.5183754843126
2016-01-01 01:00:00,19,168.99123036083,491.378454487761,111.390209436744,47.1873326268123
2016-01-01 02:00:00,19,193.994116553346,546.708092584121,93.156937614095,44.1340448322426
2016-01-01 03:00:00,19,150.912121572028,344.90597337262,88.3599540907933,30.0442130010441
2016-01-01 04:00:00,19,184.877246945397,429.859007137111,94.7628815515557,45.7911416079163
2016-01-01 05:00:00,19,175.512364518003,530.417209058569,106.47936892955,35.4676076736223
2016-01-01 06:00:00,19,172.643185427977,409.092974869983,110.083580082348,42.703069146781
2015-12-31 08:00:00,20,140.45079614085,413.378016048946,118.34251827909,35.2336210523211
2015-12-31 09:00:00,20,159.367506123808,524.638674985817,102.689406257943,44.7033846043344
2015-12-31 10:00:00,20,189.210090996136,419.159163590085,103.885485398579,39.0864773974205
2015-12-31 11:00:00,20,181.91721330199,414.500272672905,98.981217213951,33.7924721421549
2015-12-31 12:00:00,20,192.50708357639,455.322926988016,104.880559439876,44.9033730271818
2015-12-31 13:00:00,20,163.782116375519,462.578739596919,103.972892826963,41.4572175269189
2015-12-31 14:00:00,20,157.480235236064,500.314001169475,112.03905734161,45.0019621566943
2015-12-31 15:00:00,20,175.328792565713,463.733109558262,92.1555477195283,35.174205241392
2015-12-31 16:00:00,20,147.759659515669,451.776425916945,93.5258464978683,47.4120029150094
2015-12-31 17:00:00,20,154.64967264931,424.955264142772,105.901891663868,38.6770580358696
2015-12-31 18:00:00,20,193.245063585949,374.880219112472,116.524965498638,39.9567397995998
2015-12-31 19:00:00,20,181.264530215538,425.290689147074,99.6725249569597,42.2105929291198
2015-12-31 20:00:00,20,168.915747890965,377.615476259646,90.2762856046161,40.6642000267315
2015-12-31 21:00:00,20,151.427550553281,441.978732721618,94.2368370019902,41.4801018902803
2015-12-31 22:00:00,20,175.759461435711,386.737846547219,99.6934607198905,40.5348708827186
2015-12-31 23:00:00,20,155.911141160219,561.322596029224,101.717062035055,39.8478946399687
2016-01-01 00:00:00,20,165.667387985809,439.260455482605,98.09798402924,34.6326048459375
2016-01-01 01:00:00,20,172.803557572793,353.490803480534,110.27194106885,49.9917922751043
2016-01-01 02:00:00,20,146.633887213904,406.580252986269,94.8431525983596,34.1724488043384
2016-01-01 03:00:00,20,165.055690061821,492.647955222675,101.522859055293,46.1937301559251
2016-01-01 04:00:00,20,185.461425937631,428.369000866375,91.7698562331759,43.7281890326956
2016-01-01 05:00:00,20,178.236739045077,456.086713982408,85.7369646409293,47.2776689245959
2016-01-01 06:00:00,20,185.80658249706,377.924872006478,111.466713186402,37.479506875578
2015-12-31 08:00:00,21,187.426847695096,408.665691742047,88.6440877309154,42.1791607769945
2015-12-31 09:00:00,21,218.358867673815,413.26696001641,98.8310056625921,42.0881690753955
2015-12-31 10:00:00,21,203.001236677332,437.210824757522,118.304961918198,45.2281152185783
2015-12-31 11:00:00,21,225.351881568922,484.364910144672,107.44155390775,44.8500060737608
2015-12-31 12:00:00,21,178.150508726636,415.515547792525,98.6538016301747,44.6105360692855
2015-12-31 13:00:00,21,188.895821379315,516.739473054877,104.874822568337,43.330983909693
2015-12-31 14:00:00,21,193.073105875577,382.170243560405,104.782445439179,41.4292521587097
2015-12-31 15:00:00,21,172.861354397462,465.667570933969,100.733082465865,43.1323456820373
2015-12-31 16:00:00,21,203.761413611418,454.492323072168,96.0752706634193,39.2771504513473
2015-12-31 17:00:00,21,188.748376188708,511.631745896807,115.57773986239,47.6268981938292
2015-12-31 18:00:00,21,199.048989270094,488.589926314092,117.152407663959,44.1525171107951
2015-12-31 19:00:00,21,183.994368466915,448.549952628208,95.1153454813525,39.6568396631925
2015-12-31 20:00:00,21,179.962558748076,468.175144950038,91.5586427847328,36.7891668846231
2015-12-31 21:00:00,21,206.081600327227,436.494811666171,103.446639399312,49.1953072479644
2015-12-31 22:00:00,21,189.362582084629,427.354155203999,93.9906730178042,33.1436727562422
2015-12-31 23:00:00,21,189.474861972476,431.461692828188,95.5271200811471,38.0288603689525
2016-01-01 00:00:00,21,182.765231976261,457.154067667205,102.630772629825,40.8100888216936
2016-01-01 01:00:00,21,175.581352029665,509.737352762383,98.0487765801689,39.1273406228058
2016-01-01 02:00:00,21,184.289920831601,493.410947370446,113.394392186432,39.777130780309
2016-01-01 03:00:00,21,197.642955934174,537.643860903564,104.716639847789,38.2503834518757
2016-01-01 04:00:00,21,181.354961583081,439.11340400557,105.418608732807,42.6172634946634
2016-01-01 05:00:00,21,184.670942475293,485.751706673271,99.0509013650889,35.856112868164
2016-01-01 06:00:00,21,223.584273917507,455.168887049726,103.721500503891,41.4628591201139
2015-12-31 08:00:00,22,145.683093808086,586.840360285433,118.984362003531,36.3448831844309
2015-12-31 09:00:00,22,206.565218536246,510.353253350821,111.801228965206,43.5282903048809
2015-12-31 10:00:00,22,216.073649321286,533.238037332514,94.1027933348278,45.2517614048371
2015-12-31 11:00:00,22,160.619609490762,394.975852166451,104.805172098036,44.4334312977712
2015-12-31 12:00:00,22,196.134074750297,430.275818228355,107.210061918658,32.9721645339928
2015-12-31 13:00:00,22,185.796768721976,440.128283674447,96.9569034593281,43.4941876233796
2015-12-31 14:00:00,22,160.26074701094,479.304410389304,84.0069448017508,28.8031361039652
2015-12-31 15:00:00,22,161.261373325651,491.845955471538,106.70617768378,31.2280362244672
2015-12-31 16:00:00,22,179.673950466766,437.334778052135,88.1932765459494,27.9918516050604
2015-12-31 17:00:00,22,164.996859891107,407.20303764375,105.522758331531,40.3447815501004
2015-12-31 18:00:00,22,201.95561634942,482.4050363712,97.9857921680936,45.5933697995079
2015-12-31 19:00:00,22,164.221030116079,442.015594339713,114.888129075262,48.4945432914399
2015-12-31 20:00:00,22,154.267322953546,491.464190681935,112.523940316331,35.8877604814824
2015-12-31 21:00:00,22,197.302494913432,379.150163258104,93.8136798572405,47.3982319695444
2015-12-31 22:00:00,22,166.423768186825,478.280800301428,106.735141405403,43.9941875477738
2015-12-31 23:00:00,22,162.693786527166,407.592809141409,111.102737926945,46.8691382052624
2016-01-01 00:00:00,22,161.39403390943,374.067785499045,99.2666730907912,40.9496044584609
2016-01-01 01:00:00,22,169.875197870935,497.635845735505,109.903684144706,39.3356181577951
2016-01-01 02:00:00,22,177.399795897017,498.184588585686,109.190146351706,45.5598848034968
2016-01-01 03:00:00,22,175.37681968924,470.079350695555,95.3374712132051,38.9424139964106
2016-01-01 04:00:00,22,173.008055811434,534.586683499637,96.7193482402532,39.382194494797
2016-01-01 05:00:00,22,146.161250754649,461.900825719865,112.555657834096,39.3326535944026
2016-01-01 06:00:00,22,169.744691362717,459.621104724359,100.110835105557,43.5781501294816
2015-12-31 08:00:00,23,199.504699841984,489.074284326222,124.18005889356,34.0121184104968
2015-12-31 09:00:00,23,190.374745508397,480.699856640223,115.947052788417,48.3732387771224
2015-12-31 10:00:00,23,198.498257573736,490.389429557632,120.737189612395,25.2524822089065
2015-12-31 11:00:00,23,201.492212360859,496.424789774177,124.915496854021,44.1191891868368
2015-12-31 12:00:00,23,197.759449617149,504.55752913917,112.072739080558,48.733998484962
2015-12-31 13:00:00,23,189.354751510126,464.324923652297,119.499299619523,40.6976611898535
2015-12-31 14:00:00,23,217.675500786268,460.413414475082,117.114772824682,37.6926815990519
2015-12-31 15:00:00,23,196.545779329029,514.96219476039,130.417642912201,44.4326700512953
2015-12-31 16:00:00,23,186.885195749464,370.824303823901,137.24356535188,36.8145262113976
2015-12-31 17:00:00,23,189.855540599728,473.401802489154,115.180056624872,37.206360873963
2015-12-31 18:00:00,23,190.898098960383,436.576241710419,150.776606698989,31.0489043394494
2015-12-31 19:00:00,23,191.32723341812,413.730610458505,124.748523897586,44.3511705577159
2015-12-31 20:00:00,23,173.855040860107,393.43745189029,126.071313979141,44.7258452725623
2015-12-31 21:00:00,23,179.756420485882,463.218740231333,114.302866672305,46.6049962122579
2015-12-31 22:00:00,23,191.88112728059,432.194101339849,124.063306513316,38.1748688205992
2015-12-31 23:00:00,23,172.256025988119,547.881614977904,120.499310356509,37.8273377193751
2016-01-01 00:00:00,23,184.795903449786,454.492254281505,99.7590740510805,42.2159952740415
2016-01-01 01:00:00,23,198.995839902272,495.221419925044,108.423564352429,43.4718320567489
2016-01-01 02:00:00,23,202.06204473508,371.635269853523,150.552613463432,44.3460142816073
2016-01-01 03:00:00,23,175.154175271509,468.614203286736,97.9139591109216,40.7468783457491
2016-01-01 04:00:00,23,193.38388940271,496.073861170158,101.611343186014,31.4669471280889
2016-01-01 05:00:00,23,184.34597314982,448.167786629387,106.919851017175,43.0732757940905
2016-01-01 06:00:00,23,200.553394848431,408.467552233267,100.059552851341,47.2779758554696
2015-12-31 08:00:00,24,189.71001103443,483.559002306178,93.6116240425614,39.8383498052083
2015-12-31 09:00:00,24,152.437640993562,500.671536971202,95.4573005900062,45.6061833705086
2015-12-31 10:00:00,24,160.771295903576,457.782280509929,107.04281742643,41.3846082577699
2015-12-31 11:00:00,24,160.598116498575,460.574863857062,122.318838617358,33.4227787157049
2015-12-31 12:00:00,24,184.957501254467,396.713258471259,103.497934368982,38.3820028417971
2015-12-31 13:00:00,24,169.963022868648,469.573196280703,88.0364190313196,38.7366365477582
2015-12-31 14:00:00,24,186.237574432799,426.983520116427,84.1072542465238,36.0826846351895
2015-12-31 15:00:00,24,175.821942210618,467.636787282892,100.214999766385,49.9428591281096
2015-12-31 16:00:00,24,182.750007818448,394.143918914256,106.829293143148,40.9841813490317
2015-12-31 17:00:00,24,181.278887618831,481.4310602808,105.806151237135,38.8282422839818
2015-12-31 18:00:00,24,177.357276699315,432.680154750829,84.0136330820818,37.2341583291535
2015-12-31 19:00:00,24,166.179065473601,464.801785326986,95.6929727617415,42.1326510813836
2015-12-31 20:00:00,24,183.703707606529,437.228929486195,91.9088355306862,44.3760115183993
2015-12-31 21:00:00,24,184.038974614507,412.476252416436,102.853513737877,36.1778541690269
2015-12-31 22:00:00,24,152.509431435222,469.580562736362,97.9913548774615,41.8048177542569
2015-12-31 23:00:00,24,182.041668768396,425.480431540978,108.743364138657,33.4475989170419
2016-01-01 00:00:00,24,173.767871120965,511.200856478947,107.790607192585,40.3541460569699
2016-01-01 01:00:00,24,181.588677069249,553.039016216015,107.904261058031,39.4017804512635
2016-01-01 02:00:00,24,154.631537549278,425.105052615061,100.670738879781,36.9276789080144
2016-01-01 03:00:00,24,163.122250304161,495.015675271991,96.3388682843651,39.7422887444139
2016-01-01 04:00:00,24,150.235515916465,507.640218695695,96.2895604256466,43.8875049490213
2016-01-01 05:00:00,24,166.281600392724,403.245720741351,109.511725409652,39.836754501058
2016-01-01 06:00:00,24,187.324622810392,372.785606131195,109.024934056717,37.3973093237044
2015-12-31 08:00:00,25,181.022998238641,483.643538761085,103.098427913227,34.9702646864421
2015-12-31 09:00:00,25,166.561893726574,497.49200682828,108.425769199719,40.4808249239323
2015-12-31 10:00:00,25,157.348160507157,441.403609857087,112.01054427027,34.1930891043969
2015-12-31 11:00:00,25,164.09867383937,528.114969824829,98.3301908761198,26.4281580274275
2015-12-31 12:00:00,25,196.871613304265,444.331264009353,76.204350238244,41.2497782503993
2015-12-31 13:00:00,25,175.435028219831,327.285999073149,106.852687315512,39.5204567135648
2015-12-31 14:00:00,25,172.661059598159,444.483547349829,125.901477243121,35.7401852974135
2015-12-31 15:00:00,25,176.432416584222,513.959692099179,103.345820523323,41.6613750077903
2015-12-31 16:00:00,25,151.531601211041,433.759788921295,88.1825847007267,31.7734605010477
2015-12-31 17:00:00,25,169.057628792041,550.456691731759,95.3034178414771,30.4233299161326
2015-12-31 18:00:00,25,193.596780001426,411.951842923988,104.56528536369,43.3819244570291
2015-12-31 19:00:00,25,187.961500982848,476.931007070904,104.445314486021,34.4377885423273
2015-12-31 20:00:00,25,156.264214532059,400.458496402358,111.589911661997,36.1652782103851
2015-12-31 21:00:00,25,189.425203473223,481.083925888108,90.3555041976846,42.6243926475452
2015-12-31 22:00:00,25,169.95291615046,474.594903115813,116.428346907362,39.0312740255809
2015-12-31 23:00:00,25,168.973348930986,412.579668560286,104.854721666579,37.972717953039
2016-01-01 00:00:00,25,197.705214630123,418.073042471756,96.7853169268649,45.7757928262336
2016-01-01 01:00:00,25,172.619306893413,447.937101935459,90.1536088911552,44.1205241214891
2016-01-01 02:00:00,25,152.460851557114,503.176642886152,92.0567967048787,37.4451501437719
2016-01-01 03:00:00,25,178.124240186686,326.081119228641,114.404217505018,41.4551285211187
2016-01-01 04:00:00,25,179.025917140098,419.977639904616,99.0366369234585,39.9166833274503
2016-01-01 05:00:00,25,163.204407773589,535.12044280944,97.9246478363575,55.1808110210639
2016-01-01 06:00:00,25,178.467759386502,558.850494347871,108.558500923812,40.7370316797329
2015-12-31 08:00:00,26,179.496055652424,520.726446406922,82.9171711775161,42.5972542085288
2015-12-31 09:00:00,26,168.366543746147,468.345110351463,111.568952958687,40.2261343835542
2015-12-31 10:00:00,26,153.242692058765,399.114232309782,90.135920824089,38.6555150039682
2015-12-31 11:00:00,26,175.77562525926,454.061652482331,85.9084444891071,37.3849612587841
2015-12-31 12:00:00,26,149.374899760273,450.965966568909,100.385500926798,37.5880923406879
2015-12-31 13:00:00,26,146.016429295597,410.823435686707,114.126736858949,39.0346293134855
2015-12-31 14:00:00,26,159.999786697596,525.870614332674,96.4782841255518,35.2328852064935
2015-12-31 15:00:00,26,165.984973480131,414.73014405042,95.5070445050193,41.6881562853558
2015-12-31 16:00:00,26,187.884340346753,410.32658335681,95.6665489278442,45.9560908425792
2015-12-31 17:00:00,26,159.698417548498,431.749549365513,99.7042883123021,41.2370041035873
2015-12-31 18:00:00,26,175.106384414582,454.030275171006,96.3970842007187,38.652021558401
2015-12-31 19:00:00,26,181.450489180497,478.000824131832,98.8581298365635,43.6772058800941
2015-12-31 20:00:00,26,158.290782613254,476.624475492178,87.7255278490733,30.9736070001084
2015-12-31 21:00:00,26,139.988146675807,418.885260551608,94.6621120309574,45.2506913517729
2015-12-31 22:00:00,26,182.405939198287,436.051168250569,120.989132688955,34.5899670215931
2015-12-31 23:00:00,26,163.397478224282,476.403713724349,100.896446301015,39.6913545017739
2016-01-01 00:00:00,26,172.679836608428,389.680513858234,102.775170605272,38.6167993387254
2016-01-01 01:00:00,26,207.0996207323,398.554797086238,89.4627659188813,38.9388709097697
2016-01-01 02:00:00,26,147.638024309048,502.677601439641,103.97595392298,40.6527856000725
2016-01-01 03:00:00,26,172.661040081619,455.967737952136,107.004724898316,41.5249145194743
2016-01-01 04:00:00,26,133.259326567152,472.24066300183,119.665347104907,44.2861158599909
2016-01-01 05:00:00,26,151.647904926865,541.46484108216,90.6787607962804,36.5338659776172
2016-01-01 06:00:00,26,177.907489359525,422.650991096692,106.141295881762,40.942368041852
2015-12-31 08:00:00,27,160.211839284389,530.136520161265,109.147765580191,35.7146082512679
2015-12-31 09:00:00,27,182.956638469464,517.575000912793,119.564088780081,40.2600245240825
2015-12-31 10:00:00,27,176.575750322327,457.412230595774,87.9612562386609,40.964503334038
2015-12-31 11:00:00,27,186.459343067063,366.892725085699,112.806296180531,43.6822018612597
2015-12-31 12:00:00,27,163.353659413837,484.528247626829,99.7645600955254,43.321549432428
2015-12-31 13:00:00,27,187.549579239669,433.588468509209,88.4261675780038,42.812326610394
2015-12-31 14:00:00,27,144.498602615534,405.878161048266,86.743310688299,41.0638711530224
2015-12-31 15:00:00,27,159.681692911271,461.854325201098,103.919155967882,41.8817243090103
2015-12-31 16:00:00,27,169.794829221502,501.62052676295,98.7417489497334,41.363006410503
2015-12-31 17:00:00,27,117.490156998462,461.15450228834,116.684602962514,43.1201381757462
2015-12-31 18:00:00,27,171.73729838484,507.892604908426,99.2872406373774,49.2610907672746
2015-12-31 19:00:00,27,177.047834355852,532.73242450236,100.99283029123,52.2665983833726
2015-12-31 20:00:00,27,165.673306847928,405.466925616615,88.5004717472649,50.4202950034442
2015-12-31 21:00:00,27,169.619474535159,529.441397147394,101.267231938479,38.0592517827474
2015-12-31 22:00:00,27,162.391365784607,432.820694321523,104.376759031779,44.7256724496657
2015-12-31 23:00:00,27,194.02089746629,404.399184547253,92.0703470627129,48.4414010613823
2016-01-01 00:00:00,27,170.920703856799,452.925240955477,107.911895076903,35.9081062441378
2016-01-01 01:00:00,27,198.131171292205,409.450445887533,109.243173949066,33.023561570878
2016-01-01 02:00:00,27,212.069275181354,465.407375817258,84.3196889943314,50.1014457999752
2016-01-01 03:00:00,27,149.065133728717,359.934963236208,93.7542663151014,50.9393943843751
2016-01-01 04:00:00,27,161.943203920194,475.654721619641,103.82926885832,43.780310657936
2016-01-01 05:00:00,27,172.621128916483,504.864678704387,98.9701191403421,49.0018181732225
2016-01-01 06:00:00,27,184.650687079028,429.062485312682,104.962499416755,38.9287015640045
2015-12-31 08:00:00,28,170.288116624095,378.825997979778,106.500379957985,52.8524825395477
2015-12-31 09:00:00,28,188.527306963973,362.518749617716,101.386426496371,40.5460343367883
2015-12-31 10:00:00,28,170.520906691887,427.860129119833,100.198062356682,52.3989093592364
2015-12-31 11:00:00,28,186.312178026688,398.527221075812,84.0565248056437,41.0243008439703
2015-12-31 12:00:00,28,137.606456550545,429.006215700584,108.427194136048,50.4136445393128
2015-12-31 13:00:00,28,154.886919401995,532.500380274305,84.4219107480581,40.8696410007481
2015-12-31 14:00:00,28,183.10856759334,503.385874162746,94.3475912149119,32.2343375546006
2015-12-31 15:00:00,28,165.331183990135,443.876447728561,116.246808954028,37.5333612189943
2015-12-31 16:00:00,28,165.068624496581,359.28892506561,88.9929885618049,47.9907906516289
2015-12-31 17:00:00,28,164.849224182282,379.940608028099,106.079032857347,42.5957414403361
2015-12-31 18:00:00,28,162.431135937389,334.760484268053,90.7810447420605,46.1367426558528
2015-12-31 19:00:00,28,163.033722010598,549.241741181041,102.478191538878,43.3107258141636
2015-12-31 20:00:00,28,176.037383438845,467.205082182914,86.0124778096049,39.42231169431
2015-12-31 21:00:00,28,162.861808503396,396.631959081513,92.4339571692938,41.8082583708782
2015-12-31 22:00:00,28,171.049582331927,427.930795846552,81.1314981885455,42.9235894456785
2015-12-31 23:00:00,28,172.49070888721,440.770387536566,87.6232764426057,33.5875320415924
2016-01-01 00:00:00,28,177.110202845921,440.331779577004,110.427878831122,49.4932469724725
2016-01-01 01:00:00,28,184.241720680673,422.875017232117,98.2329355172242,40.6291043316481
2016-01-01 02:00:00,28,152.84118878915,426.151095996327,99.1961087274393,41.9146280509208
2016-01-01 03:00:00,28,183.835368057277,456.117546498824,104.878861396018,32.5657130086053
2016-01-01 04:00:00,28,169.26909510134,416.500683635077,92.1608737690423,40.7942202603259
2016-01-01 05:00:00,28,160.703664144803,421.564683206991,108.873393280694,36.9778983814534
2016-01-01 06:00:00,28,150.155062848338,436.029017443126,100.484312831382,33.5222973013161
2015-12-31 08:00:00,29,192.693266239353,492.521353040361,81.2931244871449,41.811416971206
2015-12-31 09:00:00,29,175.014712917198,501.983987169063,102.905401622562,41.5216224656339
2015-12-31 10:00:00,29,160.793114001221,433.147933368382,97.9485878893058,45.6659911263924
2015-12-31 11:00:00,29,172.488414265906,473.128441945349,101.53731092794,41.1881308388966
2015-12-31 12:00:00,29,190.625863500852,396.392705332669,108.647646599053,44.7635472897012
2015-12-31 13:00:00,29,167.19872380621,473.381804440922,109.420974341916,38.1357527995057
2015-12-31 14:00:00,29,172.817203196172,423.225388470977,88.6803713628742,43.720533535183
2015-12-31 15:00:00,29,160.502923351522,458.479615754141,109.842141406729,36.5004828928727
2015-12-31 16:00:00,29,179.910973753057,455.962497354566,98.1751070419068,42.2814611286967
2015-12-31 17:00:00,29,153.341948732101,417.04567305626,109.751868713438,45.5959093834778
2015-12-31 18:00:00,29,169.213890151253,429.015278715125,89.3992083325415,46.4121513439097
2015-12-31 19:00:00,29,196.177433806035,439.072564095099,90.3441631002733,36.4213868683045
2015-12-31 20:00:00,29,167.524691728485,473.889847862222,118.894429962355,46.3337236061043
2015-12-31 21:00:00,29,182.553550229037,434.557271406263,103.109065708514,43.7911425777578
2015-12-31 22:00:00,29,160.813147669311,334.472620093034,90.9736564109592,41.4380119399513
2015-12-31 23:00:00,29,194.562765818012,489.343206571436,89.1495244541429,30.0124654466806
2016-01-01 00:00:00,29,184.992847207504,444.352760455889,96.5591401824863,41.7916646053042
2016-01-01 01:00:00,29,162.914007222027,425.275276478317,83.6753857514558,39.4084703093955
2016-01-01 02:00:00,29,159.87983632093,367.188222997414,101.211055907857,39.5558839800035
2016-01-01 03:00:00,29,180.361776701223,496.238127301869,95.5857587357353,38.9940032569376
2016-01-01 04:00:00,29,152.008902381601,500.672066050692,93.2501301481637,36.84788318999
2016-01-01 05:00:00,29,178.024342599688,439.005306363883,103.787016112822,37.2753951611594
2016-01-01 06:00:00,29,147.842982274732,331.524961312817,109.597664987563,36.7390985372499
2015-12-31 08:00:00,30,200.104037588755,426.39299009006,69.9017252764528,43.555799497032
2015-12-31 09:00:00,30,142.613778336,445.220453189354,106.612436400397,40.0774091147847
2015-12-31 10:00:00,30,158.17069681184,406.252129501157,95.2948414398427,41.0302190179545
2015-12-31 11:00:00,30,150.156271887435,438.117037016171,91.2260367809122,40.0186528856799
2015-12-31 12:00:00,30,174.074638658727,413.661916698136,94.0602644507688,47.480736113574
2015-12-31 13:00:00,30,177.401762344614,487.599953335568,112.387883772858,38.0252892721775
2015-12-31 14:00:00,30,156.596538393958,418.424911198613,115.403338487759,33.3782383646621
2015-12-31 15:00:00,30,204.276904758391,562.379562423179,103.857180662203,33.0919586815756
2015-12-31 16:00:00,30,160.100995352058,511.458702997001,124.040509786762,40.0557471176496
2015-12-31 17:00:00,30,192.754477709029,412.48688954658,91.6420327100198,43.6055136277233
2015-12-31 18:00:00,30,183.344005378721,470.647959110449,94.7964924550757,33.0289698324943
2015-12-31 19:00:00,30,147.35484234495,327.017577468966,92.738070285553,51.6720723706099
2015-12-31 20:00:00,30,185.436256543378,458.874206142083,87.8988137767007,24.8875438890282
2015-12-31 21:00:00,30,179.515270718601,392.194013836189,90.5593320771282,40.1038858143213
2015-12-31 22:00:00,30,153.149694101482,357.415287163033,96.5248233829603,48.9687316276255
2015-12-31 23:00:00,30,182.984262494561,475.975104597568,84.6479273653575,34.2193000567008
2016-01-01 00:00:00,30,165.357188104272,538.288212490834,89.1667657826123,40.8180082255243
2016-01-01 01:00:00,30,154.589709503879,508.469334487971,92.4680702739975,44.9098465725176
2016-01-01 02:00:00,30,154.568342580148,465.668491134863,109.583029184192,35.2931200864268
2016-01-01 03:00:00,30,144.786302005026,504.292806703437,116.832216281658,41.5660588736563
2016-01-01 04:00:00,30,190.663538873313,422.391213768588,103.538346489168,51.3886038649146
2016-01-01 05:00:00,30,174.32464322932,401.300888701242,89.0819283484647,40.4213267832839
2016-01-01 06:00:00,30,183.137755753882,429.051977039449,111.774258700577,41.1185911361882
2015-12-31 08:00:00,31,156.584178392199,380.613344335173,74.8970986061281,39.2818378457981
2015-12-31 09:00:00,31,159.006520588627,467.906644271617,116.310575666311,39.635310489101
2015-12-31 10:00:00,31,153.835837712632,438.087906671916,113.985706140758,43.4830896854046
2015-12-31 11:00:00,31,186.325509583143,438.137280328816,113.882609293754,40.3030166010995
2015-12-31 12:00:00,31,165.236147941007,483.470910761794,111.106164770344,42.2381451998252
2015-12-31 13:00:00,31,152.330676054612,463.995869990752,134.773922243231,41.1682062969395
2015-12-31 14:00:00,31,175.438201998811,472.376937160491,123.660117930959,33.4916501840937
2015-12-31 15:00:00,31,160.559409936871,462.697803805446,128.134978128289,34.4926225700168
2015-12-31 16:00:00,31,174.589578146614,473.01511359094,133.027519128676,32.2776158311337
2015-12-31 17:00:00,31,153.375438473867,461.941435462929,126.631450412095,43.4613429217755
2015-12-31 18:00:00,31,183.851437282878,519.925567596865,124.436149996195,37.6297663991834
2015-12-31 19:00:00,31,173.415752127521,454.118998198902,118.485424531052,49.2944686008797
2015-12-31 20:00:00,31,147.875172342628,453.218489816034,133.483383913861,37.7776872045939
2015-12-31 21:00:00,31,183.541904633837,544.001685444317,148.150087970214,43.1375043901989
2015-12-31 22:00:00,31,161.374646321876,457.355686043122,135.144918506637,43.2376159825292
2015-12-31 23:00:00,31,177.594178093567,492.981711378455,138.070781222392,51.2607953243108
2016-01-01 00:00:00,31,190.86851273454,490.533653649886,118.2780727751,46.2526650915461
2016-01-01 01:00:00,31,128.627037655326,323.41651346774,125.576532245545,51.08863698444
2016-01-01 02:00:00,31,172.265254967607,341.810806090324,130.808450297637,38.421134280804
2016-01-01 03:00:00,31,192.122910939304,379.089505802047,122.250706686256,39.7469844288917
2016-01-01 04:00:00,31,169.891084754028,431.509801476597,130.014733751777,37.3021315561827
2016-01-01 05:00:00,31,164.374498224172,283.840704102557,113.902456171751,38.7358346763572
2016-01-01 06:00:00,31,161.415504101457,279.897880322335,114.963162940154,43.579800680321
2015-12-31 08:00:00,32,141.663368128007,375.996988981655,104.727256443094,42.6466049632928
2015-12-31 09:00:00,32,149.791078661191,446.706184363431,96.8019933167302,45.7542712263343
2015-12-31 10:00:00,32,176.468759943194,420.473690603119,95.1286516856078,34.1912640596414
2015-12-31 11:00:00,32,164.307137798785,555.467337239858,100.950859718096,37.5976710221101
2015-12-31 12:00:00,32,182.331423308087,402.306782797034,106.008156093488,36.4362527213568
2015-12-31 13:00:00,32,157.411837282241,467.867836263622,104.681622666335,32.7036653510175
2015-12-31 14:00:00,32,181.739127432826,469.794703346077,90.9239356189264,46.0194308677726
2015-12-31 15:00:00,32,174.870781804838,372.668445914006,97.5127626401605,42.7680282205922
2015-12-31 16:00:00,32,187.984260153765,432.947375128669,88.543377792271,38.8949858838722
2015-12-31 17:00:00,32,195.168205675679,429.347471512827,111.008849405603,38.9635742562803
2015-12-31 18:00:00,32,164.530433028208,468.275671361611,111.511276761699,51.5788870787166
2015-12-31 19:00:00,32,188.458555117073,490.377461678146,77.0039134298368,39.7491794247214
2015-12-31 20:00:00,32,183.858664399358,448.703895688711,94.4279551117705,39.7103582743263
2015-12-31 21:00:00,32,167.420567324675,453.826819731018,109.736979591198,39.9642070905107
2015-12-31 22:00:00,32,175.146618572716,319.585208943116,91.8329670040094,38.2226363559247
2015-12-31 23:00:00,32,158.352751818531,485.992736678897,76.2253352347636,42.2704124001389
2016-01-01 00:00:00,32,163.639822415479,470.485820634101,95.970965201755,42.5593849174732
2016-01-01 01:00:00,32,195.10221507289,434.913071673844,115.138366102123,38.1684394612064
2016-01-01 02:00:00,32,160.550181635464,511.97229414647,103.828380062398,39.9701815047475
2016-01-01 03:00:00,32,180.287889436253,521.361482175049,95.4202452408277,32.2269655736612
2016-01-01 04:00:00,32,167.374338228177,409.464586443403,90.649907616163,43.9886796855629
2016-01-01 05:00:00,32,175.184935513525,470.936827769358,115.916832548155,47.4054279348538
2016-01-01 06:00:00,32,156.384169470835,562.234289266961,124.334388841832,36.0243391407009
2015-12-31 08:00:00,33,159.444718464429,479.922164685991,106.149616940615,42.3743858179028
2015-12-31 09:00:00,33,190.784677294302,552.147461737491,100.234784406911,41.8550013033402
2015-12-31 10:00:00,33,179.715765391007,435.570495643457,96.6101039900507,42.4158100549324
2015-12-31 11:00:00,33,152.646981157195,469.777291129147,102.437426901155,41.7625088559232
2015-12-31 12:00:00,33,158.053825065543,396.276155465116,116.517336777624,36.0881915656188
2015-12-31 13:00:00,33,193.435453820827,495.395794238595,93.9806029663845,44.1186638755569
2015-12-31 14:00:00,33,174.506296484375,466.319282362981,93.1425413909611,35.1737283727893
2015-12-31 15:00:00,33,161.863518755068,476.613368366149,97.6129473775922,40.986144746561
2015-12-31 16:00:00,33,178.98210190517,373.790960292799,97.5117245060673,41.7763108426903
2015-12-31 17:00:00,33,178.843506457843,547.706525825247,113.732522710621,36.1097555994097
2015-12-31 18:00:00,33,159.932038295907,526.187421935469,114.734333063438,42.0457801049335
2015-12-31 19:00:00,33,175.590305722049,472.185997906436,110.926731224593,41.5067565981866
2015-12-31 20:00:00,33,180.945109602975,452.324224094957,110.087070429022,34.7405894315079
2015-12-31 21:00:00,33,157.193972866917,443.498299058968,100.96096008089,29.1313873959108
2015-12-31 22:00:00,33,176.038698504733,415.023296825397,105.203377551977,32.7477657889344
2015-12-31 23:00:00,33,159.28117606606,403.481701831198,98.4160239190294,39.9626245960697
2016-01-01 00:00:00,33,161.022746635459,488.676356658181,90.4861295634839,37.0144477384419
2016-01-01 01:00:00,33,173.278624029902,441.882169777708,102.856672197208,45.454516431499
2016-01-01 02:00:00,33,189.841001854991,524.536364299565,84.3144025706611,31.9271722335081
2016-01-01 03:00:00,33,173.999679100896,537.992503704599,103.957986386553,46.0876014331664
2016-01-01 04:00:00,33,175.751587763851,405.463263857519,89.3632779322968,44.176906484081
2016-01-01 05:00:00,33,163.009415704077,404.465208543519,117.401707720153,41.4791135156921
2016-01-01 06:00:00,33,180.660978470832,416.536059393588,99.7680064873431,45.9931979951234
2015-12-31 08:00:00,34,171.669741637308,380.491489781977,105.301182235975,38.3333244458738
2015-12-31 09:00:00,34,201.986170579858,465.477780160988,90.3021389487747,45.4312870496186
2015-12-31 10:00:00,34,184.120486368055,437.817046156869,109.574569991463,47.1260178083946
2015-12-31 11:00:00,34,197.302480003864,358.734450099729,99.547048006238,35.2310014683487
2015-12-31 12:00:00,34,201.322364647409,392.552574529193,82.2166446330288,28.8469874451389
2015-12-31 13:00:00,34,208.275242496814,493.222953139016,102.44421968112,44.5977896037353
2015-12-31 14:00:00,34,186.457114179631,403.697918842798,83.3577753504755,40.633634445817
2015-12-31 15:00:00,34,187.046602543345,431.815565052147,100.415000607269,30.9129246012119
2015-12-31 16:00:00,34,210.843334804618,477.714653021677,88.5072276625706,41.4346941995701
2015-12-31 17:00:00,34,179.502089673435,361.363218493027,83.5921085338613,47.2595997038006
2015-12-31 18:00:00,34,228.523624940157,471.118653094493,86.4404996668883,37.7828317170771
2015-12-31 19:00:00,34,174.714314598634,549.175426787909,122.403900645825,42.7127863590218
2015-12-31 20:00:00,34,183.005328698564,485.597702350554,96.5249611545822,38.0813758624516
2015-12-31 21:00:00,34,187.400246230652,504.679881110512,98.2003365350291,32.3705246853479
2015-12-31 22:00:00,34,209.281891050535,452.838202219922,104.984404861041,54.4799315854204
2015-12-31 23:00:00,34,215.807843616488,485.500013401823,104.194292901488,40.6253532626232
2016-01-01 00:00:00,34,191.974470745168,418.600732071305,98.9862988533153,34.2172498877567
2016-01-01 01:00:00,34,201.919395214506,549.273667840833,110.428788246611,43.1471538176931
2016-01-01 02:00:00,34,188.792179080047,489.347373453767,102.639567702004,41.280603206131
2016-01-01 03:00:00,34,164.227568155576,505.275302670938,97.1552028359527,47.6773040697723
2016-01-01 04:00:00,34,199.885763282708,420.352536621416,86.6405171650125,42.410918272315
2016-01-01 05:00:00,34,216.71225261146,456.794520574064,103.467328002432,39.927869915644
2016-01-01 06:00:00,34,198.069341279846,432.616880427258,98.2819044426708,47.0065659382984
2015-12-31 08:00:00,35,187.02137785299,564.037687084986,96.976082359885,37.5630154980701
2015-12-31 09:00:00,35,181.503506822558,521.772781466058,92.4640013195898,40.901006572066
2015-12-31 10:00:00,35,172.249349050253,383.893740706854,108.069530904893,35.5352428070335
2015-12-31 11:00:00,35,187.309052673316,394.524208022909,86.5378566125295,34.3529790416007
2015-12-31 12:00:00,35,170.0741852735,414.969030279468,98.2089423469031,48.1030892816748
2015-12-31 13:00:00,35,169.301574273586,530.598770963514,94.5214909258754,32.9655494381129
2015-12-31 14:00:00,35,155.737799151577,432.646591202403,111.23722491821,43.561680062986
2015-12-31 15:00:00,35,194.636594137193,517.086193845865,112.248445647958,48.0277999789281
2015-12-31 16:00:00,35,180.614978130661,426.072267207856,101.521012265524,36.8838759896212
2015-12-31 17:00:00,35,198.602888941408,339.043718687587,100.729666810734,41.2604915900156
2015-12-31 18:00:00,35,178.721502827388,461.164404539744,99.2426094165688,40.2726194917123
2015-12-31 19:00:00,35,164.264341369343,485.775220094983,100.320903286819,36.9032673010601
2015-12-31 20:00:00,35,141.423724932915,432.420548344523,94.5984056214516,44.0719544569898
2015-12-31 21:00:00,35,181.549698643148,435.354329175752,106.397032441613,38.3714366262872
2015-12-31 22:00:00,35,176.407184853781,314.257084860523,125.997407255252,44.814302325866
2015-12-31 23:00:00,35,180.03683894797,393.203093942299,106.700557587629,43.5947833944994
2016-01-01 00:00:00,35,197.431283365482,452.258940440837,90.5091483829664,40.7785012120965
2016-01-01 01:00:00,35,162.695432860929,408.881453820383,88.2314710255982,46.0680568485213
2016-01-01 02:00:00,35,172.870351672627,474.440942802716,102.946733956595,45.753211491327
2016-01-01 03:00:00,35,188.470081883862,431.28205556527,100.619624412107,41.6974870522646
2016-01-01 04:00:00,35,184.854766998529,463.771931110947,95.9670643316473,42.7983577809861
2016-01-01 05:00:00,35,160.855206413999,518.551627619874,98.5408541468315,31.6606040752353
2016-01-01 06:00:00,35,193.595505630009,480.97126776844,83.2734429643469,32.0333430849399
2015-12-31 08:00:00,36,179.026614270178,419.588614106326,103.0007009494,46.4462706795839
2015-12-31 09:00:00,36,152.458332747612,375.185684701242,100.536120474835,38.069092168312
2015-12-31 10:00:00,36,168.386318487538,472.717326616456,85.0342234462957,37.9059080596273
2015-12-31 11:00:00,36,167.670376091025,500.709610667577,105.396672430141,40.5948039081664
2015-12-31 12:00:00,36,162.81878828571,526.34919121756,98.564169330935,39.9501541600397
2015-12-31 13:00:00,36,174.930516183196,470.817186322105,129.309014034677,37.371100274575
2015-12-31 14:00:00,36,148.022212382561,433.212080102858,113.849861238642,36.0169921126037
2015-12-31 15:00:00,36,164.553274386924,465.944470267413,103.397869687423,45.6943189201967
2015-12-31 16:00:00,36,189.220583693562,553.171585158543,100.761899145862,40.5867276886519
2015-12-31 17:00:00,36,160.896393947068,422.270568715076,97.0488892356524,41.7536112212557
2015-12-31 18:00:00,36,162.749644017973,429.676930123607,106.251294399224,45.6796443421888
2015-12-31 19:00:00,36,179.173858086341,430.298595897297,101.888723124022,36.91383440836
2015-12-31 20:00:00,36,176.555780270282,374.757314581181,124.223455570543,40.309395432183
2015-12-31 21:00:00,36,177.660946118258,457.098667522292,85.2496189866904,34.0991261289112
2015-12-31 22:00:00,36,172.309738571894,419.410642861787,85.0383142391319,36.0897576942022
2015-12-31 23:00:00,36,149.519716361547,449.997622069912,89.4375386594916,42.7648716766911
2016-01-01 00:00:00,36,185.291068722864,438.443140944664,85.9845689367064,36.029584265081
2016-01-01 01:00:00,36,200.422491633872,483.271937690259,79.0565467552067,42.3637194197857
2016-01-01 02:00:00,36,142.233241674691,549.930529705722,99.2884752158833,35.3604402881962
2016-01-01 03:00:00,36,157.964285344884,500.757285940271,117.422446828687,40.9926986699982
2016-01-01 04:00:00,36,159.326285834614,393.946501712082,81.6030381707816,45.5368357022232
2016-01-01 05:00:00,36,165.086104372796,420.330328099489,120.909190052286,39.7827675146726
2016-01-01 06:00:00,36,162.613319505781,490.772994779939,94.436236902946,51.0341424452271
2015-12-31 08:00:00,37,181.624709177942,484.895637422555,109.749118301421,41.8759108828666
2015-12-31 09:00:00,37,168.201596420836,449.069857113055,107.781014547037,45.2778077481802
2015-12-31 10:00:00,37,191.09316537434,487.273397554309,93.3481735961913,35.3725388656795
2015-12-31 11:00:00,37,145.273550092915,467.465437709711,86.3384471001667,44.4976604088581
2015-12-31 12:00:00,37,197.550509827231,390.571296931295,96.6827534401578,45.2012927513792
2015-12-31 13:00:00,37,185.020425687585,416.213927976984,106.91116745622,31.4489518383843
2015-12-31 14:00:00,37,175.801194421022,522.739099423064,98.8621621421717,34.763474873807
2015-12-31 15:00:00,37,178.781592233617,521.908849452194,107.321656070539,33.5250945515794
2015-12-31 16:00:00,37,187.827079852988,376.992811829317,117.356841680449,36.0795521529791
2015-12-31 17:00:00,37,165.041535578412,442.486604276543,95.3444122173741,39.805295434012
2015-12-31 18:00:00,37,177.910495327408,485.81225847201,98.9346935002603,38.7953705565408
2015-12-31 19:00:00,37,169.873520346338,444.895626247899,86.5567362261788,39.2271229580426
2015-12-31 20:00:00,37,161.907465573281,356.1583004299,99.1300789959005,39.8472188814928
2015-12-31 21:00:00,37,166.9678356756,492.62292189793,95.0322055411843,45.2028236285653
2015-12-31 22:00:00,37,151.234198930202,439.502657625221,97.6050721490963,32.1292602582707
2015-12-31 23:00:00,37,181.459752100001,549.257570324534,100.40099041825,39.8078098840287
2016-01-01 00:00:00,37,151.006734736098,595.868778995366,106.669325810274,43.8673439247015
2016-01-01 01:00:00,37,173.848570548944,377.524336002855,92.592041802563,46.3749029031456
2016-01-01 02:00:00,37,164.646571221002,430.543314686402,93.9136237259885,35.4811195067439
2016-01-01 03:00:00,37,185.088869082108,407.209231839086,106.009388276285,30.3011050358386
2016-01-01 04:00:00,37,166.298906519966,436.109920073473,100.398698400803,37.4379428942196
2016-01-01 05:00:00,37,174.649978385976,493.511778504755,96.5899617629344,45.6827545528405
2016-01-01 06:00:00,37,192.417600604665,460.501262651977,101.107201179793,39.044452156197
2015-12-31 08:00:00,38,196.699324458522,430.852682244108,90.19963135617,36.7944510673659
2015-12-31 09:00:00,38,154.78080053161,492.026069692719,105.426236323104,28.8552307169247
2015-12-31 10:00:00,38,158.926866158177,477.915495542014,92.0736784139057,46.8628081349383
2015-12-31 11:00:00,38,164.473205064487,443.21564583933,110.875327810255,37.8405690625568
2015-12-31 12:00:00,38,166.459067431289,395.491515160698,106.252666491257,34.6558346009862
2015-12-31 13:00:00,38,153.69800350796,355.362016357423,95.9556789892252,40.5095368692393
2015-12-31 14:00:00,38,148.356371323108,549.841410662123,99.8005804762004,42.4423781729253
2015-12-31 15:00:00,38,184.231305106541,435.530071830463,110.835036603015,48.3861663132455
2015-12-31 16:00:00,38,171.644839716691,465.6143608434,107.070980427265,33.4824707985031
2015-12-31 17:00:00,38,163.500493141824,411.059469208611,82.6837036725418,45.7970358690966
2015-12-31 18:00:00,38,182.842278060334,457.166887956068,98.7899170132083,41.5211015157188
2015-12-31 19:00:00,38,146.98439545194,473.915223380211,105.923824812919,44.9490349982321
2015-12-31 20:00:00,38,168.313321030698,398.126278339487,117.759264635692,37.1695851826172
2015-12-31 21:00:00,38,143.840882249927,471.490486974159,102.697101560481,44.7144372422437
2015-12-31 22:00:00,38,152.661480245337,491.166807849913,88.3229527449079,47.1981482806073
2015-12-31 23:00:00,38,157.177903308168,467.798241940723,107.66471347565,39.7783513672879
2016-01-01 00:00:00,38,167.732896908003,435.784374922375,104.266187996958,40.6387726077259
2016-01-01 01:00:00,38,179.858878865708,482.949467692613,102.66716368915,35.8128287013623
2016-01-01 02:00:00,38,185.872413774454,454.710021309048,93.1702728183147,53.0699804449754
2016-01-01 03:00:00,38,160.928513086107,384.861115218936,105.119517276702,39.0185155468932
2016-01-01 04:00:00,38,167.910823284419,397.859356453491,94.166354738289,36.3504896257122
2016-01-01 05:00:00,38,165.864957695204,443.99570841547,102.931747402199,34.4117193015665
2016-01-01 06:00:00,38,140.42631434585,481.873972426368,89.8261352402983,38.0815556060358
2015-12-31 08:00:00,39,183.730922326545,383.929553549792,91.8839438280469,39.5586737314565
2015-12-31 09:00:00,39,171.431642924619,381.327780420514,108.215127871816,35.7161826288947
2015-12-31 10:00:00,39,165.740273795101,443.16598906594,103.421381905488,37.165912624244
2015-12-31 11:00:00,39,174.410209078249,463.446088465756,100.983283215375,33.0364806012301
2015-12-31 12:00:00,39,165.089954166421,400.49105192788,102.960990812581,48.2564389378479
2015-12-31 13:00:00,39,172.673496954987,500.911637901749,104.001737254231,32.8399168424343
2015-12-31 14:00:00,39,166.608970703998,529.535537807325,101.042269697922,40.4352169560591
2015-12-31 15:00:00,39,152.227496127472,371.574359562212,92.1694262551374,40.2455762719453
2015-12-31 16:00:00,39,166.299066591916,463.581944376776,79.7314623740417,40.835086920779
2015-12-31 17:00:00,39,152.268645665786,485.837357708342,87.0757207916908,35.7674717792102
2015-12-31 18:00:00,39,170.434366500127,487.301262069292,104.568414043758,38.6231617292695
2015-12-31 19:00:00,39,138.010842456021,442.837654266778,79.087720960946,41.7047552934336
2015-12-31 20:00:00,39,177.681013885667,434.324168590534,113.383927081902,41.8604809512333
2015-12-31 21:00:00,39,148.874987822915,502.069958809465,95.4049597057459,41.8510229088821
2015-12-31 22:00:00,39,190.13382496281,416.423490743412,101.026178035547,43.5036298919571
2015-12-31 23:00:00,39,190.233996027658,442.664141313097,102.486824171342,39.1274327773312
2016-01-01 00:00:00,39,179.769454776986,453.897200787677,89.1264459559635,41.2291976183937
2016-01-01 01:00:00,39,182.914259118524,455.364596389195,97.6626096575641,36.3309325424491
2016-01-01 02:00:00,39,203.917555541919,431.320362413443,94.2196581244615,31.6169286008232
2016-01-01 03:00:00,39,167.997713110113,452.613986520277,98.3969403514949,36.2259229388374
2016-01-01 04:00:00,39,155.770968301313,442.490151966267,87.3494672205721,37.1378690443564
2016-01-01 05:00:00,39,173.308063138001,397.207770718402,102.060447736046,40.4682844413602
2016-01-01 06:00:00,39,178.480041051098,424.870643758048,79.2348306957118,34.5040275447203
2015-12-31 08:00:00,40,159.264813257775,399.406427455561,104.008654958311,33.5919348769436
2015-12-31 09:00:00,40,166.927660304372,460.938163131144,108.740192826876,38.1095488795529
2015-12-31 10:00:00,40,155.131607147987,504.519773987239,92.8293951276619,48.5578991172062
2015-12-31 11:00:00,40,174.598986356453,352.69518863503,105.163999542743,42.7018707823673
2015-12-31 12:00:00,40,163.314762210733,486.034260221993,97.4125033324557,43.19866619667
2015-12-31 13:00:00,40,155.426079351036,421.813686423984,109.994735655669,40.080316570133
2015-12-31 14:00:00,40,189.790114521546,500.75294382428,86.8115588557013,43.9261965252006
2015-12-31 15:00:00,40,175.677221559743,495.83303032733,87.24756125638,38.7745361948758
2015-12-31 16:00:00,40,185.681066112473,423.061042615116,102.652326192466,42.2522381164792
2015-12-31 17:00:00,40,169.998911773272,536.674918425475,105.749636939193,32.9577472738017
2015-12-31 18:00:00,40,155.25775223055,460.923748389797,80.5443654800413,29.2751221932794
2015-12-31 19:00:00,40,137.734611943492,434.153152182214,118.61676287369,42.3216635879941
2015-12-31 20:00:00,40,184.430160627886,439.484521862732,102.322633120699,46.2715215327117
2015-12-31 21:00:00,40,195.168995707533,420.12612901062,101.153888381037,39.9470669518023
2015-12-31 22:00:00,40,175.625454556995,384.235353444552,90.0605219015799,45.286057549199
2015-12-31 23:00:00,40,141.152071527316,448.918878659682,107.577538998769,43.3513720642134
2016-01-01 00:00:00,40,161.956165000191,448.897567207001,95.7119915311329,41.2168665286105
2016-01-01 01:00:00,40,176.158022129068,371.805851131994,94.7862454778888,33.1499320120421
2016-01-01 02:00:00,40,195.128894365139,448.371416228248,94.4928567554715,42.4450904263942
2016-01-01 03:00:00,40,188.502068479123,375.704702852173,116.534223049334,37.825380197163
2016-01-01 04:00:00,40,171.321500280328,449.515611339561,88.5377435308655,38.3224291407847
2016-01-01 05:00:00,40,149.597018236206,507.792736833586,91.1071178769623,36.7110439407492
2016-01-01 06:00:00,40,169.568079940248,455.595647749246,105.065630380956,34.2557721354964
2015-12-31 08:00:00,41,169.75143884092,478.403796506585,97.2090344803491,40.3002541526234
2015-12-31 09:00:00,41,180.309275332463,454.29194320881,102.448807368401,42.6244148304805
2015-12-31 10:00:00,41,175.305450203578,440.58257473445,102.13375222911,35.1497586456401
2015-12-31 11:00:00,41,185.327027849633,481.754883079777,113.918301814252,39.9364183410217
2015-12-31 12:00:00,41,160.002851828697,439.40929223799,102.589495067218,35.1420001797846
2015-12-31 13:00:00,41,181.226350587065,494.299414654723,109.762928326014,42.0671367988438
2015-12-31 14:00:00,41,165.622558309555,462.16315680281,111.269962035355,39.5686305759913
2015-12-31 15:00:00,41,167.551977226069,425.913986911832,114.017464437672,43.7461270312396
2015-12-31 16:00:00,41,218.151432089181,335.668947855797,102.416101069283,30.6999824789928
2015-12-31 17:00:00,41,160.149654843734,456.016767652906,109.775396369925,35.764985481721
2015-12-31 18:00:00,41,173.951560450071,497.461340936915,99.8421829873137,44.9478022606756
2015-12-31 19:00:00,41,155.217221433792,390.836625051231,113.421041225765,38.7668807930157
2015-12-31 20:00:00,41,175.955636109887,469.299749911961,105.313866354275,27.2698765883977
2015-12-31 21:00:00,41,181.990322915336,481.631906858304,106.395990911972,44.0042645151533
2015-12-31 22:00:00,41,157.270677797831,434.572066022832,113.583923248099,52.6601229242137
2015-12-31 23:00:00,41,162.887699345647,480.262231719565,110.170123294712,47.4078248186502
2016-01-01 00:00:00,41,167.32419637692,456.866173002475,105.97137115835,38.0561157685487
2016-01-01 01:00:00,41,176.810123871154,439.543100330862,92.2457699728015,39.5693516650583
2016-01-01 02:00:00,41,183.227596875807,470.097553332406,93.4898252384943,37.8362794383431
2016-01-01 03:00:00,41,169.80066119049,459.821218462348,98.3596234314142,34.3146730586854
2016-01-01 04:00:00,41,170.372073912559,385.547942402696,103.802098499899,29.8513343461655
2016-01-01 05:00:00,41,155.644984371892,496.933271628741,94.0158308375704,34.7702748785405
2016-01-01 06:00:00,41,168.510771000241,426.761386464116,100.21311943139,33.5470636879217
2015-12-31 08:00:00,42,151.946240877131,396.284383629047,110.704695273,36.3600239761095
2015-12-31 09:00:00,42,184.321035296934,465.296966336641,94.7205731322329,40.3697067636811
2015-12-31 10:00:00,42,164.581546941984,458.428244741292,96.2324573346244,45.1391879427902
2015-12-31 11:00:00,42,175.403432432633,481.225750449484,99.2746768113569,47.1069820906251
2015-12-31 12:00:00,42,161.162439628844,461.772528996453,95.7375751246912,44.1296888884342
2015-12-31 13:00:00,42,170.349464326395,437.993537690055,94.6940304339899,39.6913026297009
2015-12-31 14:00:00,42,168.578304385054,425.82634899535,91.99838848007,37.4133562751925
2015-12-31 15:00:00,42,161.945089099599,470.994921783034,96.931760843185,37.9300190120992
2015-12-31 16:00:00,42,145.89270095583,491.097102489474,99.5612993834274,33.1781969989736
2015-12-31 17:00:00,42,176.207573728936,417.677455140584,90.7963543724032,39.1004681453407
2015-12-31 18:00:00,42,144.62122078556,475.605899587036,84.8670793328649,47.732340296254
2015-12-31 19:00:00,42,191.917991128418,493.154066467803,98.6873395651029,42.6425899319301
2015-12-31 20:00:00,42,164.801238481021,446.032536337596,108.734764734468,38.131026080343
2015-12-31 21:00:00,42,199.534900188526,403.914738124009,91.8318286463347,44.6734442195073
2015-12-31 22:00:00,42,177.691461639964,350.534407450114,87.2726267102146,43.5239699651881
2015-12-31 23:00:00,42,202.958014795813,379.253528836081,92.6052268103933,47.414298017803
2016-01-01 00:00:00,42,163.195735474762,470.931535679305,83.3251383312761,35.4245124477183
2016-01-01 01:00:00,42,196.272979830246,461.094194130572,104.243647189801,35.6691333451988
2016-01-01 02:00:00,42,172.495393790418,457.27200596002,98.0856334074686,38.0262804945754
2016-01-01 03:00:00,42,178.368375324556,424.500317358917,88.647187598027,44.605824253154
2016-01-01 04:00:00,42,169.768231939603,488.695597809464,93.9309638528102,41.228450393971
2016-01-01 05:00:00,42,176.645831262911,408.652043630124,123.455883792586,37.5738420033881
2016-01-01 06:00:00,42,178.92204593821,371.718262973617,96.6163855594904,36.2246042411761
2015-12-31 08:00:00,43,166.280864374404,419.800189768617,83.4853375542391,46.8512042419693
2015-12-31 09:00:00,43,176.186165296809,411.090479382533,98.7475826703267,41.9537751403962
2015-12-31 10:00:00,43,203.974950407917,507.904554827428,104.761561423961,37.5130639790254
2015-12-31 11:00:00,43,154.946458914152,384.071604789599,92.1838242981978,54.9085481970361
2015-12-31 12:00:00,43,153.670063795674,527.439394342843,99.802123700444,37.7722080233167
2015-12-31 13:00:00,43,164.520817793585,453.452095217186,92.8154868144264,38.3132160768048
2015-12-31 14:00:00,43,164.112153185318,455.658664010906,98.5054217091732,40.4709768128529
2015-12-31 15:00:00,43,148.494335849601,494.502179801123,108.112155541989,44.7504946610553
2015-12-31 16:00:00,43,168.488185433598,407.562510304201,111.578488017052,43.4708734301397
2015-12-31 17:00:00,43,193.454326896924,422.605677552872,97.8001827173599,49.5453053597829
2015-12-31 18:00:00,43,191.841306249113,444.417399206869,92.1554120943124,36.8308822942664
2015-12-31 19:00:00,43,166.857638719692,407.618826023539,95.1804893979562,36.7749375407267
2015-12-31 20:00:00,43,173.586021113657,424.599226097208,105.455983894178,39.4753691607103
2015-12-31 21:00:00,43,177.617407863774,409.033094420707,104.273674536736,36.4816368098639
2015-12-31 22:00:00,43,179.596857685088,421.484195203079,103.398466438336,47.4852226608892
2015-12-31 23:00:00,43,161.219817264643,392.230201395992,108.884350890906,43.2611904657542
2016-01-01 00:00:00,43,167.462754017632,534.148761555608,96.0006665043249,31.1517761756783
2016-01-01 01:00:00,43,184.720818915707,350.368172739925,93.0984736942767,40.885794191023
2016-01-01 02:00:00,43,137.4828301612,443.092289413189,99.637491815233,48.1595081907529
2016-01-01 03:00:00,43,174.409863179835,419.673889196138,94.4482222818993,38.0084139168803
2016-01-01 04:00:00,43,185.830463528763,470.779490107418,91.3735045580219,35.1083634741529
2016-01-01 05:00:00,43,181.497385913956,466.554971169771,108.84317364243,41.1149411150067
2016-01-01 06:00:00,43,175.002673328602,471.962267636684,97.6068388783836,39.252586320488
2015-12-31 08:00:00,44,182.066372740596,336.588690892071,121.337202827896,39.5627051285149
2015-12-31 09:00:00,44,203.668382261375,282.95067647724,100.399235690115,34.4291637764714
2015-12-31 10:00:00,44,174.90985354162,311.893435735875,99.3002763182603,46.7099938640651
2015-12-31 11:00:00,44,162.852557329355,342.560738535145,103.911278576707,44.0225149692011
2015-12-31 12:00:00,44,181.914565102421,341.548525334217,107.317224093622,43.6439720384253
2015-12-31 13:00:00,44,171.001658658742,321.08275472267,95.1141660372398,41.9001592941666
2015-12-31 14:00:00,44,207.492890911813,449.323967611485,118.08403436132,35.2682598777541
2015-12-31 15:00:00,44,201.156975450662,314.25810044726,86.5055947899409,48.4240420732484
2015-12-31 16:00:00,44,200.12063160176,369.708979737836,91.781789924702,40.0051154902312
2015-12-31 17:00:00,44,166.755110622341,363.018917951682,108.567911335442,46.5151403186718
2015-12-31 18:00:00,44,163.301896778514,391.064746048579,106.333640505162,32.6751435467907
2015-12-31 19:00:00,44,196.290785622393,374.946936264237,103.230041946154,36.4175250886133
2015-12-31 20:00:00,44,193.478282141376,369.190768293763,96.0464901133714,40.6746912418549
2015-12-31 21:00:00,44,187.892340544654,480.461740553865,100.530322182404,42.7032947043689
2015-12-31 22:00:00,44,205.617818635943,304.513323414407,97.3333327612159,35.082221681848
2015-12-31 23:00:00,44,196.64131901012,396.304260386764,117.467936500856,45.0447485368463
2016-01-01 00:00:00,44,204.226222172725,408.904587484681,89.5055119572392,37.5459345111889
2016-01-01 01:00:00,44,173.571907216087,473.972497701597,108.791857573992,38.1456271827395
2016-01-01 02:00:00,44,197.400380249229,379.001618700222,121.71520464495,46.1531138932505
2016-01-01 03:00:00,44,195.074343335539,343.116286696988,104.637532386845,33.6545720053876
2016-01-01 04:00:00,44,184.602366129868,444.015450411297,96.18418253762,40.4498593677344
2016-01-01 05:00:00,44,202.756953719455,351.180333543934,78.7212135928686,40.1670426605873
2016-01-01 06:00:00,44,209.422256451847,376.697732591321,100.649885604101,54.8436077911278
2015-12-31 08:00:00,45,180.671216248282,431.789362944399,125.013231947184,42.312060417662
2015-12-31 09:00:00,45,168.116414495645,424.658150683182,115.300831971728,40.2788925038617
2015-12-31 10:00:00,45,178.42918416344,459.982749811095,89.4417159510728,34.7676354002218
2015-12-31 11:00:00,45,176.934288059938,447.565686094323,99.4850044552853,41.4527050332899
2015-12-31 12:00:00,45,177.232552089544,448.904078605591,98.0437050196107,36.0137066193263
2015-12-31 13:00:00,45,147.059095369951,490.541602332351,92.1109523832712,40.212581932318
2015-12-31 14:00:00,45,173.42502942286,525.650836855698,74.7548295203265,43.5592630674424
2015-12-31 15:00:00,45,160.245178324032,490.732570317236,95.5239390611377,35.1406081143538
2015-12-31 16:00:00,45,171.820051945123,421.938737256976,114.437869184286,47.2372133829801
2015-12-31 17:00:00,45,192.551463148848,411.677913516001,95.2557587298106,35.364958455437
2015-12-31 18:00:00,45,215.78823118007,481.535248113336,97.6555629214941,38.4482080661966
2015-12-31 19:00:00,45,160.309048640638,410.047726353386,114.755963629568,47.6293468507484
2015-12-31 20:00:00,45,204.326978734395,520.75469043087,100.839733169158,33.6186010058635
2015-12-31 21:00:00,45,179.516707547469,399.608442393254,108.776128077877,37.2349326011309
2015-12-31 22:00:00,45,181.855422769365,421.349871459689,111.373100799263,31.3233898635247
2015-12-31 23:00:00,45,172.530650929083,439.151946434357,101.736903243127,38.8662337231085
2016-01-01 00:00:00,45,156.820602147752,401.418502038546,99.4672615932692,39.8803323634083
2016-01-01 01:00:00,45,177.406221664371,464.403382081497,94.2042040558915,35.6172808172061
2016-01-01 02:00:00,45,183.82889573034,448.214644096821,93.4919282197845,39.8284830244643
2016-01-01 03:00:00,45,144.150436272124,366.588937648683,98.5019894672137,42.6104226787005
2016-01-01 04:00:00,45,179.166561388291,400.028420035835,96.5031723526314,44.3365121040573
2016-01-01 05:00:00,45,159.497903222228,462.340567901057,109.867473688047,42.0877255088908
2016-01-01 06:00:00,45,158.481937688527,452.640928025775,97.0415011800717,48.0709764248496
2015-12-31 08:00:00,46,173.994653635994,476.913152777636,92.54172601671,37.1070310545679
2015-12-31 09:00:00,46,165.086628067972,391.693485469809,106.07818316399,44.5264426072043
2015-12-31 10:00:00,46,154.541329192645,528.194457524516,103.561201346282,35.3682889423039
2015-12-31 11:00:00,46,171.05133333483,493.536405280815,99.1173965655016,38.0758790941163
2015-12-31 12:00:00,46,169.134365831076,427.278356528395,99.5614697006017,45.6071034459362
2015-12-31 13:00:00,46,188.969559428437,344.514954295089,108.552875315799,41.6418232526567
2015-12-31 14:00:00,46,177.185456306881,428.647834247266,79.5833014316821,38.7535923768225
2015-12-31 15:00:00,46,194.653759899651,434.666302313988,86.1448332267573,33.8299827036244
2015-12-31 16:00:00,46,160.616612510435,536.918438832889,90.6750043607545,38.7717437581762
2015-12-31 17:00:00,46,169.332735639404,411.593372909172,104.167267168891,36.8278706907039
2015-12-31 18:00:00,46,161.047916917769,465.63608473587,83.9767396500868,45.1441934576214
2015-12-31 19:00:00,46,150.281529309141,377.958515400171,91.0167075246253,51.0385300598822
2015-12-31 20:00:00,46,169.868019912768,418.802403161044,92.9539231661952,45.940981886819
2015-12-31 21:00:00,46,156.328568810246,390.857855006101,114.618685607505,32.0160125628287
2015-12-31 22:00:00,46,203.316203532898,400.196233445957,98.4987076098614,40.2472459457485
2015-12-31 23:00:00,46,182.696836975954,493.462341476513,102.706192194545,42.3201299834875
2016-01-01 00:00:00,46,180.097601868588,468.205510251625,95.2737387293824,46.0392231654275
2016-01-01 01:00:00,46,181.453155030119,488.135492569549,112.792409012813,43.4723131320624
2016-01-01 02:00:00,46,177.799803553814,427.035188550995,94.2533994303907,40.7710542430144
2016-01-01 03:00:00,46,178.486539042409,524.577908702038,97.4766305787134,39.9928292310609
2016-01-01 04:00:00,46,155.706540340492,399.061828078532,97.1626276314319,40.2192330493054
2016-01-01 05:00:00,46,165.800212348735,490.275776250404,110.299993817182,34.4917206457886
2016-01-01 06:00:00,46,148.91293188751,328.95270040324,90.5237812007361,43.0168100873633
2015-12-31 08:00:00,47,154.898223526507,355.313639587536,107.680795683724,46.0611182891157
2015-12-31 09:00:00,47,157.620409946217,477.762435936145,118.186235593456,45.0807855606448
2015-12-31 10:00:00,47,178.953658413691,436.319189607615,95.4756270787209,40.4100623716349
2015-12-31 11:00:00,47,165.768827531314,499.27933627818,117.150675524065,42.3316475769232
2015-12-31 12:00:00,47,207.445623742872,454.290556123208,112.449721627968,39.9688743706958
2015-12-31 13:00:00,47,181.618338382854,553.102002023418,89.0584832514358,26.7812117923752
2015-12-31 14:00:00,47,172.44090792904,480.71650549969,91.6841362307786,43.8170190586058
2015-12-31 15:00:00,47,186.434698359453,503.687784438325,117.931793721412,43.7879113726747
2015-12-31 16:00:00,47,152.535889257152,410.741171564467,109.523368044593,34.685160483311
2015-12-31 17:00:00,47,157.314409777107,432.812847669916,80.9487162504175,43.5596968039412
2015-12-31 18:00:00,47,151.348141355288,459.828728140378,109.648050516486,34.1583948562585
2015-12-31 19:00:00,47,161.572008871732,395.670877668175,96.3434985002328,32.0314008782957
2015-12-31 20:00:00,47,143.291933472687,462.775488424184,107.024558610507,38.5737571394028
2015-12-31 21:00:00,47,161.222150928794,436.66873792054,92.7955223018924,44.1136801626094
2015-12-31 22:00:00,47,156.822716839349,432.679721217021,81.006664517507,36.6890043198065
2015-12-31 23:00:00,47,175.463732180831,479.110649756944,99.9850535947586,36.3557883582326
2016-01-01 00:00:00,47,160.026958196157,390.53118277557,99.3765736987732,42.5440008298617
2016-01-01 01:00:00,47,161.437259411254,390.042352047979,89.5224879947534,36.7690458080493
2016-01-01 02:00:00,47,179.225965493438,529.985028419238,99.318631148595,43.983793042608
2016-01-01 03:00:00,47,179.287027850821,473.179916355037,84.5514580349257,36.703891273371
2016-01-01 04:00:00,47,167.33510784775,446.481130126547,89.5976538358782,48.5926734775536
2016-01-01 05:00:00,47,177.346864868674,382.712897263024,81.5924849071983,41.8468141723824
2016-01-01 06:00:00,47,154.812103274382,438.457590538015,81.6114836943874,34.2805024050411
2015-12-31 08:00:00,48,170.31975663042,501.478961222701,102.819837484577,43.5149305700044
2015-12-31 09:00:00,48,162.185051370252,491.741642420966,104.203563896884,37.4538722060649
2015-12-31 10:00:00,48,174.383900200025,406.288794260565,93.5055645341746,40.9935533698765
2015-12-31 11:00:00,48,186.843396185219,470.838120600944,114.98190642052,34.0151454823408
2015-12-31 12:00:00,48,187.373035405185,466.693593213743,82.44181022913,44.0397988825758
2015-12-31 13:00:00,48,165.589242707805,371.588119853927,99.235655058508,48.3386264597767
2015-12-31 14:00:00,48,184.335128982834,397.413033649726,102.631116310531,53.5708493895287
2015-12-31 15:00:00,48,158.199476472825,515.45238776362,100.120562117401,38.2211426632494
2015-12-31 16:00:00,48,153.393355640898,479.868554429772,98.8921848927108,39.7433302843117
2015-12-31 17:00:00,48,163.106349862593,412.142824347037,93.4660816174204,50.6722632343118
2015-12-31 18:00:00,48,155.075841005338,403.243389600727,86.4351383600173,39.5546674943915
2015-12-31 19:00:00,48,159.937645344152,407.659095222935,98.756474921709,45.7193522740091
2015-12-31 20:00:00,48,173.021246696354,346.706562273132,111.147434081085,41.6161230181118
2015-12-31 21:00:00,48,185.944535010831,475.708758410708,96.3753354956637,52.3905727478816
2015-12-31 22:00:00,48,160.270329636335,508.446067740823,107.272651480644,33.1263924785479
2015-12-31 23:00:00,48,164.267845455582,466.931618308985,97.7876617238907,30.1388638306253
2016-01-01 00:00:00,48,183.350592986042,391.255079640605,115.606461817228,43.5689678417399
2016-01-01 01:00:00,48,166.10221372607,361.749010103661,101.282164512587,36.7754725775856
2016-01-01 02:00:00,48,159.451670630317,474.27222325354,79.7303790095249,43.985255064351
2016-01-01 03:00:00,48,172.860832382922,471.577536324311,113.285560289706,42.4166056995431
2016-01-01 04:00:00,48,163.39965806615,445.057329885517,83.9691140989265,40.4331328700546
2016-01-01 05:00:00,48,174.95784001096,447.484147448044,118.020748174628,35.2555318175497
2016-01-01 06:00:00,48,183.822000023651,410.036089902854,100.201486294299,41.7772836239623
2015-12-31 08:00:00,49,164.180286171913,440.664980679372,108.136060348534,41.3494604030568
2015-12-31 09:00:00,49,164.236791269794,441.781204059297,118.810170126929,34.351181804804
2015-12-31 10:00:00,49,184.634764326603,305.923710362996,84.1822155853961,42.1785594480991
2015-12-31 11:00:00,49,156.130069095384,410.028363983716,92.314687296666,30.3159248379152
2015-12-31 12:00:00,49,224.799271580469,543.694696713477,92.8776643542968,43.8176865019114
2015-12-31 13:00:00,49,158.740627335015,492.176110301811,102.443732455274,40.7813322638332
2015-12-31 14:00:00,49,160.66563050094,463.725164320529,98.1365182451863,49.334876290629
2015-12-31 15:00:00,49,155.632536545042,414.271097041527,109.207514900687,35.6029272991965
2015-12-31 16:00:00,49,196.222377177419,492.252876994374,103.637728516667,37.199855712765
2015-12-31 17:00:00,49,180.519871246026,516.884675841038,106.283663512549,38.3928396455462
2015-12-31 18:00:00,49,194.240679165464,417.414284921269,110.146842272277,45.3379934667018
2015-12-31 19:00:00,49,153.47835124039,357.879155602833,102.552101641486,44.9145605996863
2015-12-31 20:00:00,49,145.460373977107,497.573144935697,83.4172721092947,38.2858454334524
2015-12-31 21:00:00,49,176.792604871099,364.687964066341,112.340171069768,30.7472731536188
2015-12-31 22:00:00,49,143.210074560232,463.794760744472,105.518255150793,42.5670974086748
2015-12-31 23:00:00,49,191.816914665071,503.964773403153,99.7588616509147,40.352810226532
2016-01-01 00:00:00,49,145.680144902279,481.783501625023,96.7248700206597,39.01499467099
2016-01-01 01:00:00,49,161.46197101572,444.59484660419,110.90734629071,44.6760907959795
2016-01-01 02:00:00,49,177.540931541852,436.413242992681,89.1849276765514,37.5407895398657
2016-01-01 03:00:00,49,159.144070622687,387.245517806302,87.8278210636282,39.7809442828822
2016-01-01 04:00:00,49,164.546121184622,487.127201036646,98.1499650212718,42.3598940263789
2016-01-01 05:00:00,49,170.678199785054,427.600222967917,112.110159202882,44.6603586290312
2016-01-01 06:00:00,49,181.656293274914,423.439324230951,112.353263281951,29.7283740835223
2015-12-31 08:00:00,50,208.839637814273,432.120570460311,103.367211000344,36.3797344872584
2015-12-31 09:00:00,50,164.165366613035,500.699756699355,123.807628515458,44.6148444738867
2015-12-31 10:00:00,50,181.613267987498,462.089063807056,137.178157138394,31.4494017275039
2015-12-31 11:00:00,50,181.256675512853,385.077903458135,120.593989800212,40.1523052129886
2015-12-31 12:00:00,50,193.387870697403,503.422931016273,123.502545303062,34.5964989160201
2015-12-31 13:00:00,50,194.838536813481,364.152806542447,124.357139254494,36.8336407257258
2015-12-31 14:00:00,50,181.381639945784,368.375631501621,120.101247108061,43.6907938554013
2015-12-31 15:00:00,50,180.02816759656,415.536818180646,135.414143196391,47.2930637654188
2015-12-31 16:00:00,50,192.461698554175,478.071143186618,117.384055532184,35.3241203200105
2015-12-31 17:00:00,50,186.003047638175,423.62086812595,130.990243027182,43.7291627909416
2015-12-31 18:00:00,50,179.573609764927,312.38261865202,135.423472671758,42.7082188812206
2015-12-31 19:00:00,50,190.491012349461,326.002621548984,113.99218920483,42.7407091902007
2015-12-31 20:00:00,50,170.189775373766,373.92220910302,119.050235399378,43.4524158925242
2015-12-31 21:00:00,50,189.758845484672,262.632484862358,123.017150341766,37.3781953467258
2015-12-31 22:00:00,50,188.276298949696,347.283769416388,117.145358790858,36.014156193116
2015-12-31 23:00:00,50,193.353858347486,289.187007622079,128.260945963782,38.3695115113117
2016-01-01 00:00:00,50,182.251050634786,355.573865270206,126.029186476463,44.3019366764037
2016-01-01 01:00:00,50,188.619491923628,396.869796477824,124.200990401102,42.1500812463862
2016-01-01 02:00:00,50,178.704995068507,323.611177411797,124.498520198171,41.5668297470496
2016-01-01 03:00:00,50,186.674471205666,372.445169132011,128.023042532176,34.7504848634341
2016-01-01 04:00:00,50,179.645075070634,359.393194294723,111.183130518519,42.663499561925
2016-01-01 05:00:00,50,190.024330983064,277.919448934001,124.024114461344,39.8928114672811
2016-01-01 06:00:00,50,211.600640824814,397.56551782917,121.283438531218,46.420810490965
2015-12-31 08:00:00,51,181.70610024727,460.700886852389,99.7102129113653,31.8639549764706
2015-12-31 09:00:00,51,162.166894513122,464.131700840095,111.068978094545,47.8347575572444
2015-12-31 10:00:00,51,144.323226131116,418.48592548115,104.571487415959,44.026525329393
2015-12-31 11:00:00,51,168.648357480795,457.636593724881,103.369276756108,39.9958284512106
2015-12-31 12:00:00,51,179.670762231641,451.171190557021,93.9708071905245,48.9779678228499
2015-12-31 13:00:00,51,166.292246078789,408.049611047832,93.898307924186,46.3735440650487
2015-12-31 14:00:00,51,157.479471738129,444.112934149505,91.6354002353325,41.3226750524331
2015-12-31 15:00:00,51,162.994653025329,469.686178698327,99.5069511566961,38.8863710650493
2015-12-31 16:00:00,51,192.990626624145,457.645535645495,120.891415445698,40.7094159227661
2015-12-31 17:00:00,51,157.619610509886,508.80512545732,90.3139372304016,46.1809444367284
2015-12-31 18:00:00,51,157.225012399188,397.591638559997,95.182689168385,36.442659004241
2015-12-31 19:00:00,51,185.753066163629,502.333403851914,78.6274976141042,39.7205162881891
2015-12-31 20:00:00,51,158.677364062151,459.937548602186,101.514190914943,35.7155225958708
2015-12-31 21:00:00,51,181.802915731693,458.006403189817,90.7567973119992,44.1441416757535
2015-12-31 22:00:00,51,187.333370681123,343.800987004849,94.8155849557945,41.4181408825979
2015-12-31 23:00:00,51,182.875724280263,465.299342574387,79.5158284941517,37.3770024021227
2016-01-01 00:00:00,51,159.873994004645,519.327810151082,104.994293610095,37.1863506657731
2016-01-01 01:00:00,51,191.730486496828,418.008542136562,88.723627155802,45.5747393969168
2016-01-01 02:00:00,51,152.205543581301,518.513378743848,106.309673630861,43.2404164480336
2016-01-01 03:00:00,51,193.917075422099,386.438158997688,101.997013570546,35.0413862154068
2016-01-01 04:00:00,51,171.957696463002,479.46325290504,97.5562216618229,50.1381228162111
2016-01-01 05:00:00,51,189.927325642894,358.576623074221,111.125358897119,38.8028235936836
2016-01-01 06:00:00,51,161.538181444705,458.751029945217,103.387411112814,36.4683310761872
2015-12-31 08:00:00,52,179.415428786963,473.431699291625,98.1455312376645,39.0346173124374
2015-12-31 09:00:00,52,153.114251037275,449.001882693025,109.160052922006,41.5674260091359
2015-12-31 10:00:00,52,172.247076366737,485.74248063495,106.486882162047,42.4555192364301
2015-12-31 11:00:00,52,179.655578518964,415.513600896207,99.4298717290646,36.7477500796777
2015-12-31 12:00:00,52,175.83049213692,408.367820573824,90.266807199188,44.7832043348962
2015-12-31 13:00:00,52,175.435747829766,481.685807664062,97.4660072816556,34.602235744778
2015-12-31 14:00:00,52,172.680965176831,454.718450956834,99.9411623831825,48.1578420054808
2015-12-31 15:00:00,52,134.714993480187,537.022686817741,98.4032601636856,50.3778095093634
2015-12-31 16:00:00,52,163.866994686237,438.276077058045,112.005505380887,34.3683810819459
2015-12-31 17:00:00,52,173.263818062882,446.876354676938,79.6288370536359,40.6827573242094
2015-12-31 18:00:00,52,165.019748666765,398.015469430172,129.365774821433,42.3862656274609
2015-12-31 19:00:00,52,135.234393746384,467.952533684251,101.003166046522,37.6393552551426
2015-12-31 20:00:00,52,136.797278573709,498.591394932901,90.577723333079,44.2877492895444
2015-12-31 21:00:00,52,166.835109946351,319.354625845451,107.354632717315,38.6355303824427
2015-12-31 22:00:00,52,156.125174402106,485.181958583196,98.9838947517671,35.3605721881535
2015-12-31 23:00:00,52,175.19456436999,472.141155933244,78.0346276021775,44.9975832112297
2016-01-01 00:00:00,52,170.312750303876,436.895063453839,110.952633233197,45.2594151172901
2016-01-01 01:00:00,52,161.587729283161,396.254473619894,103.063941332412,47.7376107909438
2016-01-01 02:00:00,52,187.868041016198,454.772389101663,112.821682769,48.8200603557632
2016-01-01 03:00:00,52,167.174533646078,457.68774415761,104.586038437188,49.6735856761114
2016-01-01 04:00:00,52,169.522974480704,434.254738004224,107.557694661468,34.2610270765418
2016-01-01 05:00:00,52,166.682090957784,485.12923203329,118.940685150123,34.7512589128644
2016-01-01 06:00:00,52,134.00863144009,472.86128125927,106.422784103916,36.0782400607515
2015-12-31 08:00:00,53,164.037032516682,470.059722472532,102.566320672295,43.5419549131583
2015-12-31 09:00:00,53,191.561512669981,412.670728988085,83.4721753458398,43.9919478019402
2015-12-31 10:00:00,53,153.553144394609,458.267291964917,91.2241577797228,43.3013851917307
2015-12-31 11:00:00,53,169.881888900671,388.522102728157,83.1820994995655,46.9610512724446
2015-12-31 12:00:00,53,170.891417777454,455.16980005099,105.216286898568,36.9866516570105
2015-12-31 13:00:00,53,167.703813384153,459.213128103745,102.795770279715,27.6923210841437
2015-12-31 14:00:00,53,159.97545636601,578.588649943493,88.595522720072,41.2145251093082
2015-12-31 15:00:00,53,189.841365234489,558.323564271459,99.9252468412431,44.2219869092869
2015-12-31 16:00:00,53,165.68919030504,476.847500320232,100.045762283579,37.3454346245412
2015-12-31 17:00:00,53,133.705919689051,438.947511505645,109.767523243981,38.0884484377832
2015-12-31 18:00:00,53,174.450586891622,434.415558096471,107.978772874197,42.2137016543824
2015-12-31 19:00:00,53,175.366323697051,483.720636800592,85.2512775267318,46.8834464756627
2015-12-31 20:00:00,53,175.46461135292,443.143248756191,99.6591073419348,45.364727817427
2015-12-31 21:00:00,53,186.597690723169,470.499993485141,104.370187090814,37.9825376499232
2015-12-31 22:00:00,53,160.583196428429,399.810515160055,105.671155986817,42.8096592430615
2015-12-31 23:00:00,53,173.044519671956,360.75484495361,113.441908559492,47.7385535679493
2016-01-01 00:00:00,53,181.318823617086,511.631857920237,97.3152579978177,38.8837504351911
2016-01-01 01:00:00,53,175.817705241972,450.633895878074,104.358878073938,40.3980853650856
2016-01-01 02:00:00,53,153.275566441027,475.612363642157,102.768273821538,41.5080464523045
2016-01-01 03:00:00,53,193.097274020806,457.799731901307,110.127508365101,37.2471044491242
2016-01-01 04:00:00,53,157.416998303377,370.158370944185,106.915379741876,46.5361311172546
2016-01-01 05:00:00,53,168.840194603185,416.047696743944,115.141675035223,38.0516551676327
2016-01-01 06:00:00,53,170.362594064423,448.470148661715,115.005116894224,55.5462013998635
2015-12-31 08:00:00,54,160.769077797563,456.626074429788,99.7800063642186,38.9727400186948
2015-12-31 09:00:00,54,178.168052686529,476.955680800834,94.3033298199609,50.2251075948247
2015-12-31 10:00:00,54,138.033023093712,531.509820105017,97.9181456687042,45.7732150504758
2015-12-31 11:00:00,54,173.900012576789,483.063928138547,98.7927950648631,36.7584348426768
2015-12-31 12:00:00,54,152.097698712995,435.536915721287,96.9423622205117,42.3244732701141
2015-12-31 13:00:00,54,189.238341627477,480.617965346987,95.5241803510356,41.5672128120784
2015-12-31 14:00:00,54,156.342356799089,439.063466014971,106.225822510756,31.5446307272504
2015-12-31 15:00:00,54,150.268072788039,537.06667013642,103.069758073461,43.4575725139729
2015-12-31 16:00:00,54,151.062804987457,488.491828768808,98.7321061616698,33.3289996895275
2015-12-31 17:00:00,54,136.58363671699,439.519024283354,103.066120906108,44.6620748070132
2015-12-31 18:00:00,54,177.798627785796,495.79747544721,94.3079804529628,41.7897861794361
2015-12-31 19:00:00,54,162.966250986851,451.284278990481,100.99745844444,25.4763869033743
2015-12-31 20:00:00,54,197.716286709421,517.382693183031,104.948384988503,36.2053806306818
2015-12-31 21:00:00,54,185.458166300837,529.157045904609,88.4773860049748,36.3459704528574
2015-12-31 22:00:00,54,153.9501032422,494.412723325682,93.658356234399,44.0903090096019
2015-12-31 23:00:00,54,156.629204571375,389.270447413747,109.224962840312,30.7350574242105
2016-01-01 00:00:00,54,171.278703142216,489.828067569291,91.1460758575567,33.9744710906073
2016-01-01 01:00:00,54,164.756265592431,445.805677872383,90.1391137692646,34.4661153699663
2016-01-01 02:00:00,54,166.6691851046,412.456130284534,100.618433075172,48.5366725148346
2016-01-01 03:00:00,54,178.200091662863,454.392912922221,89.1347952068436,36.555015512283
2016-01-01 04:00:00,54,174.729719837018,441.537507971032,114.584949443461,38.725429015133
2016-01-01 05:00:00,54,165.464549056072,397.184989027553,104.476960321752,39.8851291885354
2016-01-01 06:00:00,54,159.970181990338,396.219810245938,87.0870657411663,38.4594453318074
2015-12-31 08:00:00,55,164.496990140126,438.941313068766,129.857119588697,36.3765070616872
2015-12-31 09:00:00,55,183.074902879344,445.007707682549,135.637691359397,39.7617190671566
2015-12-31 10:00:00,55,168.321781382218,436.95951626621,129.854338082388,41.6365679603632
2015-12-31 11:00:00,55,160.334420964068,476.37299428179,130.670561187193,39.7198589649306
2015-12-31 12:00:00,55,172.136446615888,464.296142625452,142.229012833096,37.4673997525114
2015-12-31 13:00:00,55,167.064117441823,489.422531638008,107.449156585049,53.4878689617022
2015-12-31 14:00:00,55,160.587897145568,491.534145337238,116.10355124785,47.2481300849467
2015-12-31 15:00:00,55,150.828614096871,554.592757230254,118.057070143513,36.394376492003
2015-12-31 16:00:00,55,163.271255102392,445.983723339644,116.229989134048,29.8571287040776
2015-12-31 17:00:00,55,161.60134627732,457.05756170605,115.190399100375,39.2297019123576
2015-12-31 18:00:00,55,168.925728026653,389.708416266225,139.110551251931,35.2827955513534
2015-12-31 19:00:00,55,175.843275852472,460.25856735051,137.505328404157,34.0651306212801
2015-12-31 20:00:00,55,194.961407139557,510.579109796377,121.768891250396,42.711121315907
2015-12-31 21:00:00,55,138.291977802099,520.119335721871,111.802393797746,36.6085354870212
2015-12-31 22:00:00,55,205.243113998762,392.26613184556,120.273529813991,32.7201954395273
2015-12-31 23:00:00,55,172.064847308929,425.725945563662,125.001528441518,42.0584160200983
2016-01-01 00:00:00,55,180.400648054114,488.146339134955,125.991287085526,37.101959977418
2016-01-01 01:00:00,55,180.735495089741,495.931379695783,126.841037296905,39.9336768406015
2016-01-01 02:00:00,55,156.807926486221,430.053305617004,97.1332330020017,39.9712126496589
2016-01-01 03:00:00,55,183.550547929443,426.168289864041,107.95274412146,39.8506278130216
2016-01-01 04:00:00,55,164.349516017956,379.197122383543,113.578241427563,37.6698084846501
2016-01-01 05:00:00,55,176.607498430879,494.94071658487,124.554579887563,36.5489291301666
2016-01-01 06:00:00,55,150.772985437589,551.314893396502,139.934783786105,37.5244480173645
2015-12-31 08:00:00,56,165.77225497437,439.224072922992,97.7753720436899,37.9950793019361
2015-12-31 09:00:00,56,209.107518061458,599.410981443625,85.2841750352316,37.8856021275595
2015-12-31 10:00:00,56,159.057643243862,430.184803045531,112.927772113264,38.2709716137648
2015-12-31 11:00:00,56,168.751962357196,522.075927645543,90.9537233472445,39.3950839158998
2015-12-31 12:00:00,56,159.963666006519,398.157089230505,112.288836625574,42.289630959012
2015-12-31 13:00:00,56,193.377480211248,362.346957527563,89.3495653148187,43.8671943255201
2015-12-31 14:00:00,56,167.397828714354,469.364849336316,111.904366956609,39.054201465453
2015-12-31 15:00:00,56,155.299819079835,416.131539647312,89.9601874717453,39.2299618403315
2015-12-31 16:00:00,56,181.816019001259,420.873702769206,95.555053711945,38.6434242295003
2015-12-31 17:00:00,56,138.814718866602,462.705303014603,116.040678976701,49.5709024700914
2015-12-31 18:00:00,56,164.600989532014,452.872559343126,88.5642769663548,42.2561410189198
2015-12-31 19:00:00,56,198.500166731563,389.895564252256,108.307744388377,37.2441048085115
2015-12-31 20:00:00,56,154.74033406025,389.807536871599,113.977644228525,39.7018746475691
2015-12-31 21:00:00,56,156.37791003698,485.551700157128,106.724770635992,44.2922077198321
2015-12-31 22:00:00,56,200.214976658988,341.393918068758,93.8086251005533,45.8101700365258
2015-12-31 23:00:00,56,174.379700409224,360.044818451104,113.731944650194,38.6754645884136
2016-01-01 00:00:00,56,193.874913518364,438.273779935619,99.0675568007771,40.4398225170612
2016-01-01 01:00:00,56,196.103355953617,470.355963082505,91.8831152548152,37.5422746716157
2016-01-01 02:00:00,56,177.201611790787,438.517495862804,84.9082592198923,45.4305153496594
2016-01-01 03:00:00,56,170.315962126917,361.721492663713,87.6469433573347,38.5921705748284
2016-01-01 04:00:00,56,175.034822861624,407.84596907734,103.163953226021,31.7324090567391
2016-01-01 05:00:00,56,170.565715283986,465.472216114596,112.280604386308,34.8119979179285
2016-01-01 06:00:00,56,202.580927986423,532.056979659438,108.85557126103,39.9253979427844
2015-12-31 08:00:00,57,161.489610934483,458.972176234057,114.628581225484,39.2255719542851
2015-12-31 09:00:00,57,142.659355890896,288.471101384122,99.9391317062867,52.118697685336
2015-12-31 10:00:00,57,180.326841919705,347.944530078321,84.3413902473824,42.5015737502796
2015-12-31 11:00:00,57,170.37277047138,392.010233876148,83.1059233164066,37.2910387006148
2015-12-31 12:00:00,57,182.780525705974,289.555597322101,116.67307112789,44.1350947101576
2015-12-31 13:00:00,57,150.57311270312,467.86476476347,101.678589795035,51.9387777590998
2015-12-31 14:00:00,57,189.3209679166,448.426371976881,100.356451834848,35.0951679953566
2015-12-31 15:00:00,57,194.404087701755,394.854942953205,89.0029369043928,42.0955475158573
2015-12-31 16:00:00,57,154.291327646617,356.45674260037,90.317028414121,36.7413527729524
2015-12-31 17:00:00,57,167.318961092717,353.368131890878,95.9187525593215,41.9711395255973
2015-12-31 18:00:00,57,182.941690757212,307.347414319748,107.407831849021,43.3187669439752
2015-12-31 19:00:00,57,176.657118000112,504.881247473776,86.7273857638198,41.6513909438368
2015-12-31 20:00:00,57,165.450969896985,342.651129974675,129.223380075928,35.6520933860966
2015-12-31 21:00:00,57,168.562191303999,360.843257813694,80.8801046628061,43.4058304881022
2015-12-31 22:00:00,57,149.328115669661,363.917083205823,79.9691820938562,38.80249118337
2015-12-31 23:00:00,57,173.779322109921,342.922514224862,101.716592032967,45.3464147504541
2016-01-01 00:00:00,57,170.322053790345,332.689311001679,105.181002096713,40.0730207450396
2016-01-01 01:00:00,57,139.222022430384,406.747978820929,90.9152015961568,37.9733149390468
2016-01-01 02:00:00,57,164.623302646359,387.378466351309,90.4334918186722,37.5204320103032
2016-01-01 03:00:00,57,141.799583717373,347.61370143777,112.996052355781,36.4382654138342
2016-01-01 04:00:00,57,166.149098423474,420.888764519856,96.3555873805645,40.820600192638
2016-01-01 05:00:00,57,182.053854343058,371.933352838717,82.7345920090596,50.0385615403219
2016-01-01 06:00:00,57,156.058728337621,422.493541686538,99.1150882325731,37.7881497776959
2015-12-31 08:00:00,58,201.819314127532,469.630295492244,93.6248970690536,36.3408796897748
2015-12-31 09:00:00,58,195.73391491364,495.371826356454,95.2469694495614,47.143977797667
2015-12-31 10:00:00,58,154.57519571089,469.65988373092,74.681937326882,44.8479757160268
2015-12-31 11:00:00,58,182.670603940141,481.003820725312,109.239671023209,44.2500280057322
2015-12-31 12:00:00,58,194.57495016932,423.309941486477,94.9868095562919,35.9459913855203
2015-12-31 13:00:00,58,188.290304140551,498.934939923631,106.793289347864,36.714287582214
2015-12-31 14:00:00,58,198.293982379217,475.88887269168,108.868726182883,36.2442416279842
2015-12-31 15:00:00,58,211.179295183362,494.737050708544,98.6361114253426,35.831011880024
2015-12-31 16:00:00,58,182.908098064584,559.94026453522,94.7540657656574,41.7881333100629
2015-12-31 17:00:00,58,184.785691447176,480.87108126984,100.278888361633,38.6721503216055
2015-12-31 18:00:00,58,172.401923977515,444.38117842818,116.64277130618,43.4095803958262
2015-12-31 19:00:00,58,166.866254705738,406.978501909872,100.607450464568,40.6784755519898
2015-12-31 20:00:00,58,171.164310811292,418.138033173563,101.471285848029,42.5755954807812
2015-12-31 21:00:00,58,190.028439629444,423.173172931295,99.4619437772422,51.3124707447221
2015-12-31 22:00:00,58,192.525793336038,382.608781580128,114.519120552857,29.9205099732099
2015-12-31 23:00:00,58,190.005897165042,583.303565507167,90.509474270362,32.7464870950723
2016-01-01 00:00:00,58,185.07128806558,441.90291111381,109.411319744131,42.0342978854651
2016-01-01 01:00:00,58,201.122359964706,468.242962915093,106.469212444043,34.2917413131193
2016-01-01 02:00:00,58,179.7366029793,390.51092758054,81.3887543747823,37.2285037450501
2016-01-01 03:00:00,58,196.080392279782,415.636842811398,100.264394342002,30.4477544711778
2016-01-01 04:00:00,58,167.892003216978,477.410456901638,89.8799830503229,33.5115145055467
2016-01-01 05:00:00,58,198.559934533119,477.286274684901,96.0481007641512,41.8846899557531
2016-01-01 06:00:00,58,184.98826669832,491.479553492263,101.513172958698,37.7367843167884
2015-12-31 08:00:00,59,178.122875001214,468.51022360292,96.8041253767926,33.2989958579583
2015-12-31 09:00:00,59,173.322354191448,434.937091564596,90.1767770172989,42.6257107370345
2015-12-31 10:00:00,59,173.77215168466,456.739835172333,108.930658223095,41.0863870918555
2015-12-31 11:00:00,59,156.04744110521,447.55069086904,98.5317917321066,40.6919264264103
2015-12-31 12:00:00,59,125.434768406687,404.611935844403,107.209417652108,39.6206672967262
2015-12-31 13:00:00,59,180.625274068003,391.268198632281,109.261099385501,42.506620423583
2015-12-31 14:00:00,59,183.07185907732,462.517267409009,100.288106587008,37.9057070399277
2015-12-31 15:00:00,59,192.060143386369,426.744272440597,99.761017001594,40.9095779277536
2015-12-31 16:00:00,59,165.528097953612,448.132418481293,96.3442348628125,35.0474016583378
2015-12-31 17:00:00,59,186.7373978892,449.711260543631,105.309209732655,45.1586935638205
2015-12-31 18:00:00,59,158.101525204996,402.866924782047,82.077195855969,36.8008389439664
2015-12-31 19:00:00,59,166.220913173093,428.443574399991,90.4786023522144,47.2818847355043
2015-12-31 20:00:00,59,167.232416213117,403.804931750115,95.653770989594,41.3044151189833
2015-12-31 21:00:00,59,159.583181974267,414.725233174485,97.2001193193801,45.5305287545969
2015-12-31 22:00:00,59,168.154342086527,415.003449455644,106.565387990519,40.6701616008521
2015-12-31 23:00:00,59,171.924719651074,403.797990801009,102.426603033308,33.1349389881336
2016-01-01 00:00:00,59,165.716460079025,367.505267765842,93.1269621710963,43.1796287231083
2016-01-01 01:00:00,59,160.751470998412,411.11942555438,117.825144492564,39.9474443125037
2016-01-01 02:00:00,59,163.398493434072,454.603536441531,104.983380043206,37.1199672151997
2016-01-01 03:00:00,59,138.550508454959,503.351513112305,97.3581019859003,39.592063200757
2016-01-01 04:00:00,59,182.147218373569,429.818226025479,110.751403456658,48.399911976396
2016-01-01 05:00:00,59,170.841095639413,428.071542109938,106.467604657652,45.1412853318081
2016-01-01 06:00:00,59,167.677354464666,418.758488247134,102.669403388269,43.6339302916231
2015-12-31 08:00:00,60,180.114570318988,448.640957152145,90.0737791624571,38.9487068494714
2015-12-31 09:00:00,60,155.227049749525,423.533117855129,88.5033477398206,41.9000254441807
2015-12-31 10:00:00,60,176.415057041235,394.024971022361,96.259380425103,44.903245566092
2015-12-31 11:00:00,60,171.331370074484,463.141667416529,98.0170727131886,35.1937734597404
2015-12-31 12:00:00,60,165.812484315413,427.458006764671,102.726077410137,44.305834555783
2015-12-31 13:00:00,60,153.21096463872,524.7668482889,121.21382147817,36.1643948187472
2015-12-31 14:00:00,60,151.509614351539,462.163314849633,103.110955542415,41.4525917356111
2015-12-31 15:00:00,60,179.028847152465,411.588951424662,93.6023542897868,41.8404248390206
2015-12-31 16:00:00,60,172.488523783403,553.955066621976,96.5747522852458,43.6939416246912
2015-12-31 17:00:00,60,191.520082704402,448.889514441211,84.9850524538508,34.8994999231745
2015-12-31 18:00:00,60,180.682270021724,383.476572483613,96.4143938424808,34.5196047340439
2015-12-31 19:00:00,60,174.31963815607,508.474161129656,100.33613323926,48.2192409340512
2015-12-31 20:00:00,60,193.039835354627,446.555787276758,103.279223553934,43.3278616619589
2015-12-31 21:00:00,60,131.930187648131,408.943706742042,95.9234818217781,42.2020178074011
2015-12-31 22:00:00,60,141.22252253312,527.849516639444,87.3799966765336,45.423311853891
2015-12-31 23:00:00,60,200.948958093159,410.251232409115,119.031918206193,42.1477697633524
2016-01-01 00:00:00,60,168.511685089568,470.555224082594,116.34708148968,35.0890359797032
2016-01-01 01:00:00,60,178.117555102097,367.687906602676,107.30385769212,36.6971833063103
2016-01-01 02:00:00,60,202.385447622342,438.250717133519,107.09092426499,34.78389668445
2016-01-01 03:00:00,60,154.221672741026,438.216763785819,84.5262419588314,37.0951317370288
2016-01-01 04:00:00,60,154.826913045608,596.340845538215,105.823249723599,46.4942797809795
2016-01-01 05:00:00,60,148.614077486128,460.332455556312,114.535274041602,44.5749079342422
2016-01-01 06:00:00,60,174.453160854131,501.675931608381,94.0618095839138,47.1910668954755
2015-12-31 08:00:00,61,159.513359902729,366.87299940145,91.2445094587204,34.518419825835
2015-12-31 09:00:00,61,142.883987418145,488.191064354523,113.407837595661,38.6116217426587
2015-12-31 10:00:00,61,185.66289479082,492.297298701088,101.822832605593,33.1054035066931
2015-12-31 11:00:00,61,176.420612269339,447.608135107471,111.415438532,38.2627436236508
2015-12-31 12:00:00,61,195.168214214037,409.006362706291,95.6663416070782,40.5491883133556
2015-12-31 13:00:00,61,155.967720436277,387.941060697844,109.94728471798,36.90888880209
2015-12-31 14:00:00,61,156.555142050403,531.976131483695,105.760422024524,39.3738857925932
2015-12-31 15:00:00,61,171.796954844158,481.440221532809,103.173288105971,33.1082822756455
2015-12-31 16:00:00,61,167.867762404126,454.517987924912,99.5705204846903,39.8875284466822
2015-12-31 17:00:00,61,159.427937581886,336.148808639253,92.7709744056441,44.8811482648771
2015-12-31 18:00:00,61,133.81301616142,410.540785433647,116.147714722505,40.0949200649693
2015-12-31 19:00:00,61,156.350945679853,414.146383781991,84.8556062940888,39.3507815421397
2015-12-31 20:00:00,61,163.499451176338,421.083950613174,90.8433002942863,41.0507606904724
2015-12-31 21:00:00,61,167.120476929712,478.157330005001,97.1937996938265,41.4044785152512
2015-12-31 22:00:00,61,149.48015761406,338.441110104753,84.889705621709,42.8419572645406
2015-12-31 23:00:00,61,162.824805689426,525.560678639307,103.718514926913,41.9846646690424
2016-01-01 00:00:00,61,161.371740717997,397.076068414853,93.0262692092192,45.6440584620828
2016-01-01 01:00:00,61,156.364418706512,496.424948148199,88.3217512944188,38.7416202518042
2016-01-01 02:00:00,61,164.464043912502,445.202193009321,94.7537485571989,39.7766342548461
2016-01-01 03:00:00,61,182.180817756215,512.666791541354,104.770859145677,38.4648495030802
2016-01-01 04:00:00,61,169.481057590233,352.303066801879,109.123617392951,41.7484028294397
2016-01-01 05:00:00,61,183.44814123725,387.545939422852,103.1782844142,34.1003390113334
2016-01-01 06:00:00,61,171.854340912397,461.15520492848,126.046373989826,42.1176690235767
2015-12-31 08:00:00,62,176.607997174996,466.143347265249,92.2448547633306,36.711065712021
2015-12-31 09:00:00,62,160.641439109416,469.085539600038,93.8268731601021,36.8446156501522
2015-12-31 10:00:00,62,172.364372330676,407.320582232726,114.104333932103,40.8541771725444
2015-12-31 11:00:00,62,182.060259300231,376.139332307194,100.690861978599,36.02632920527
2015-12-31 12:00:00,62,198.976047517898,422.341524845732,100.933837200371,50.6158062003132
2015-12-31 13:00:00,62,171.507731839133,390.612412724711,102.984108454002,43.1110670280693
2015-12-31 14:00:00,62,182.342048490525,419.51901985975,97.9258027809746,38.6187973856144
2015-12-31 15:00:00,62,183.896374716117,442.309793507322,89.7972032333097,42.0853640010228
2015-12-31 16:00:00,62,161.888498442152,545.313576904196,107.920813187636,46.6597731289891
2015-12-31 17:00:00,62,137.445984337767,517.129930404547,93.016004448068,45.5890368488388
2015-12-31 18:00:00,62,202.189067276411,516.473789159674,105.18700266547,34.3026197608779
2015-12-31 19:00:00,62,175.74057987963,532.982380186948,80.4667234860461,32.474748522807
2015-12-31 20:00:00,62,164.560048112245,471.626947993293,94.8410531802092,34.0513164762355
2015-12-31 21:00:00,62,167.923335536523,369.507094441564,111.435766534772,37.8209172196108
2015-12-31 22:00:00,62,170.371776677738,417.080257277339,115.348753279691,43.6876680968295
2015-12-31 23:00:00,62,162.252009963915,488.521503069111,89.481798291882,37.4777322081568
2016-01-01 00:00:00,62,162.034108525868,436.020928724201,96.6609785540196,38.5338245492169
2016-01-01 01:00:00,62,189.887152353141,411.406681388015,99.9228516760993,46.3217959421034
2016-01-01 02:00:00,62,147.927649472237,419.536345241197,105.548260310274,33.2931898044108
2016-01-01 03:00:00,62,177.208375396203,476.400870404909,110.953119437528,37.834327561793
2016-01-01 04:00:00,62,186.471330523502,430.263415702831,109.471789106243,33.7598879652516
2016-01-01 05:00:00,62,191.184253225253,420.30486974215,104.222244975281,43.5131369446837
2016-01-01 06:00:00,62,167.527348062701,497.195016725901,87.7444047438192,39.6424491554303
2015-12-31 08:00:00,63,176.754612592505,326.797189400498,90.9175774157258,43.4737106014639
2015-12-31 09:00:00,63,140.461689739442,400.374817557694,104.703312825403,43.6294107704286
2015-12-31 10:00:00,63,150.894171245109,339.730475310674,103.121678838317,32.6363182241328
2015-12-31 11:00:00,63,163.093901277712,356.892994004322,85.8368151584982,36.5865381722897
2015-12-31 12:00:00,63,181.479521937933,318.053917935185,92.211502681243,43.855062789673
2015-12-31 13:00:00,63,178.831186364044,299.746552874995,106.951866942207,39.2596106049324
2015-12-31 14:00:00,63,172.605466015509,347.170188651138,100.577326024665,33.2689480882595
2015-12-31 15:00:00,63,188.055562474753,427.502417283318,102.926330136097,40.1236783143521
2015-12-31 16:00:00,63,168.981119192254,343.997511505709,96.5276901591587,41.6474725782195
2015-12-31 17:00:00,63,159.342265013691,411.131591585062,127.114875520995,42.7753433274971
2015-12-31 18:00:00,63,174.21899390131,372.698992753803,107.149445929629,52.1817394628343
2015-12-31 19:00:00,63,192.895881109995,290.953151039797,119.267534851418,41.6867913984649
2015-12-31 20:00:00,63,158.418772901255,440.207423584593,89.1576938951507,42.1640518473307
2015-12-31 21:00:00,63,146.386756082468,381.680002046648,96.8586959426494,40.1583337404615
2015-12-31 22:00:00,63,161.86416201399,336.332587684834,90.3283027050959,32.2567905059261
2015-12-31 23:00:00,63,182.060258173395,404.549650741166,90.9312507534262,45.3139301022033
2016-01-01 00:00:00,63,163.145159605999,354.979551952958,112.0988047063,35.2207162589126
2016-01-01 01:00:00,63,177.665096546165,472.588983113977,99.0454596278794,38.3411824825524
2016-01-01 02:00:00,63,159.321795848918,456.06792529184,91.4149369458439,40.5086631151696
2016-01-01 03:00:00,63,148.645077106902,458.029821231304,90.8526164380279,38.5169091763045
2016-01-01 04:00:00,63,153.266715749436,507.062394980295,82.301964871471,44.658000091918
2016-01-01 05:00:00,63,186.656008147093,421.562994925137,82.9224153744003,40.8373600119987
2016-01-01 06:00:00,63,167.209441496659,404.768049812358,103.76849837654,42.4045436981085
2015-12-31 08:00:00,64,166.855509440568,400.997311858143,87.275958551984,39.6252149559
2015-12-31 09:00:00,64,186.934362023559,426.962973773635,114.804033195171,36.4104100662012
2015-12-31 10:00:00,64,191.310966477524,459.840257477137,109.658382017055,31.0176616560064
2015-12-31 11:00:00,64,148.748797407982,492.413522124867,103.869885825904,43.101756114391
2015-12-31 12:00:00,64,188.049451621715,562.669293956375,93.0935923379271,30.1133396203465
2015-12-31 13:00:00,64,179.911760200111,420.640943974323,92.7335313389316,41.6130276674277
2015-12-31 14:00:00,64,157.670207982242,429.637266796049,112.5397463093,38.7862615710202
2015-12-31 15:00:00,64,184.842569584867,382.029561119697,109.45775791784,37.0808732809756
2015-12-31 16:00:00,64,160.947840245908,490.189528080869,93.6274138001705,38.3037234478886
2015-12-31 17:00:00,64,185.194581159626,462.033724151679,93.3407710847352,42.3170350195872
2015-12-31 18:00:00,64,142.017549802989,389.71937541368,98.596522117876,50.0155507157104
2015-12-31 19:00:00,64,178.731592888578,477.385129277502,117.787298431056,40.1910340669338
2015-12-31 20:00:00,64,184.599616048093,454.357127549926,82.1533978870951,36.1167284195459
2015-12-31 21:00:00,64,186.404336263816,384.52930915584,102.127144322629,43.9123557411931
2015-12-31 22:00:00,64,152.876266542511,379.139129344008,99.7162832928007,36.6365302432718
2015-12-31 23:00:00,64,160.340789870434,448.422202334382,104.367643785722,40.6095139181283
2016-01-01 00:00:00,64,167.023789309756,374.207662884468,105.005504868595,49.3697490856081
2016-01-01 01:00:00,64,158.069387009427,379.780007282283,108.171394299486,39.0986769840539
2016-01-01 02:00:00,64,162.069603019337,446.352792144058,108.410139124491,42.4854409727784
2016-01-01 03:00:00,64,183.791649050772,479.721794846633,106.035767787619,36.8427480514264
2016-01-01 04:00:00,64,184.79437073928,371.922506318613,99.8138653795935,38.8287182761336
2016-01-01 05:00:00,64,149.801980554511,401.672451004058,79.0854133799672,42.85569031182
2016-01-01 06:00:00,64,176.655123080909,482.810553929662,92.3128052155236,38.8458866823918
2015-12-31 08:00:00,65,155.77197357735,404.974939945225,103.263493825257,39.2157871455037
2015-12-31 09:00:00,65,161.533402505605,448.803446555833,108.895851401042,33.3585276929269
2015-12-31 10:00:00,65,171.00901313954,446.378690387414,107.268965240368,39.3804233284902
2015-12-31 11:00:00,65,176.639482437555,401.114096173487,98.6233814646922,36.7250618431835
2015-12-31 12:00:00,65,178.215181814804,372.822357499249,88.1511445378492,36.6719425728517
2015-12-31 13:00:00,65,180.80114613882,517.692222030931,103.829905478322,40.4924259155566
2015-12-31 14:00:00,65,193.601167448447,512.139843470046,85.5785076195976,35.42114243814
2015-12-31 15:00:00,65,187.694568326008,518.151317601124,104.717938362223,36.0058796086234
2015-12-31 16:00:00,65,152.694776339927,409.06702976202,100.361423806678,43.2582343454895
2015-12-31 17:00:00,65,157.448065802907,503.833807349357,72.8297340829937,39.1408052356314
2015-12-31 18:00:00,65,166.390125667538,415.084198250887,108.169516659898,40.6340914622261
2015-12-31 19:00:00,65,177.143560341394,409.77655509799,116.713960047124,46.9772315818024
2015-12-31 20:00:00,65,173.609652834634,445.165859170468,99.8253187570478,44.8558150805976
2015-12-31 21:00:00,65,155.888337386771,458.93269420986,113.502833724385,40.6535666468157
2015-12-31 22:00:00,65,174.233718802439,427.391505553256,100.775323070875,40.4371248193754
2015-12-31 23:00:00,65,167.415972267668,494.961634030067,93.028737699306,44.4567886433399
2016-01-01 00:00:00,65,181.777643566572,506.145590969927,96.8484148669024,41.4150320253781
2016-01-01 01:00:00,65,160.560704600434,446.289614585903,92.5080129241968,42.1944534419041
2016-01-01 02:00:00,65,167.115450770045,432.191935897014,96.0032784685067,43.143440838355
2016-01-01 03:00:00,65,170.088568475611,489.002057117154,107.19307018942,45.8660998285609
2016-01-01 04:00:00,65,189.203433825409,426.272065458963,110.965795919235,43.1250701170369
2016-01-01 05:00:00,65,173.704344608578,405.419035390472,99.7469681827192,46.6676938600721
2016-01-01 06:00:00,65,169.440853887103,484.040527422294,107.885910119604,46.1611895697836
2015-12-31 08:00:00,66,172.168979526503,450.217849862268,93.6540913957984,45.4000300356922
2015-12-31 09:00:00,66,156.443053926006,433.024266279433,98.6644191202574,43.047711272571
2015-12-31 10:00:00,66,167.44396785114,487.786593301409,80.4708150306337,39.9251324069333
2015-12-31 11:00:00,66,222.495985382645,468.477323882131,92.6507866203416,40.5384229868268
2015-12-31 12:00:00,66,187.324634823313,522.808022740164,104.970498841799,45.5825050866295
2015-12-31 13:00:00,66,175.525235127675,534.471218151648,108.880332781784,37.5410087382531
2015-12-31 14:00:00,66,174.099452148781,470.454573449014,102.853516616165,44.4368621670888
2015-12-31 15:00:00,66,167.790981382379,372.381511925373,103.410661806644,44.5376794890274
2015-12-31 16:00:00,66,167.800493708641,460.027590443022,100.290323365913,44.9076565093443
2015-12-31 17:00:00,66,188.805119671866,452.885912099742,101.40403085344,37.7946994337298
2015-12-31 18:00:00,66,172.083912906475,437.999149069413,103.218152695507,37.455956783979
2015-12-31 19:00:00,66,170.480529636425,435.636658865699,92.990979730683,37.475128309964
2015-12-31 20:00:00,66,159.1500904625,425.770863920408,93.7878969077295,41.8924320795017
2015-12-31 21:00:00,66,158.696002663071,529.116813918973,109.968452140348,40.1957826295641
2015-12-31 22:00:00,66,182.630234616396,360.75150313739,117.561135304931,36.3735260286789
2015-12-31 23:00:00,66,178.83349186407,516.404717158942,101.61281391152,42.4092678006896
2016-01-01 00:00:00,66,162.920704576886,412.652568720993,111.760790040588,25.7354913483575
2016-01-01 01:00:00,66,180.878481772792,467.479102084536,98.9067400921414,43.0044244471426
2016-01-01 02:00:00,66,139.913145588147,420.716966191988,102.112601114987,39.4336769220507
2016-01-01 03:00:00,66,169.105244205675,429.348489196191,94.7804978247728,44.8109175843023
2016-01-01 04:00:00,66,189.013392642915,520.865314334987,91.7456994772811,47.6850791985145
2016-01-01 05:00:00,66,158.173218659278,459.064601890144,83.3638998142179,35.8618996880577
2016-01-01 06:00:00,66,149.867036696596,490.512437566641,103.927978661865,45.2078562882163
2015-12-31 08:00:00,67,183.425031862445,471.061389728362,113.233210346367,38.2658270700905
2015-12-31 09:00:00,67,169.655676020233,411.313605102027,95.7693334058834,37.6745319738818
2015-12-31 10:00:00,67,158.435997255344,380.290547838432,93.6020658670419,42.5232245872833
2015-12-31 11:00:00,67,186.2798250603,507.558963767139,91.8189730993908,33.7945892909711
2015-12-31 12:00:00,67,169.685755660028,378.139736604544,108.670878907398,39.4807892375607
2015-12-31 13:00:00,67,153.869893872637,497.426777944151,103.436336284462,43.4108278893979
2015-12-31 14:00:00,67,165.871091419228,414.960770711189,98.8853564461693,36.2010928184109
2015-12-31 15:00:00,67,176.592965134284,498.521873231744,98.3418805367303,44.0221141647507
2015-12-31 16:00:00,67,205.006746999943,372.652054819377,104.410556815964,46.0274079642615
2015-12-31 17:00:00,67,166.225469290056,437.21086566385,100.349602353052,56.5553582562701
2015-12-31 18:00:00,67,170.059156411901,361.581050230512,106.475444695425,61.6369933179689
2015-12-31 19:00:00,67,207.132798642616,488.986958675208,97.1296975781493,45.364131794977
2015-12-31 20:00:00,67,173.147730618711,465.985812824951,97.2418791396685,56.3541596161496
2015-12-31 21:00:00,67,157.422173230724,481.534079067253,90.4863507103436,45.0650115777942
2015-12-31 22:00:00,67,176.442228914033,476.931774662777,84.3377221514684,56.2014515684806
2015-12-31 23:00:00,67,173.755144539979,400.159485818765,101.919760932888,56.2210784852116
2016-01-01 00:00:00,67,160.337492407706,490.93910036179,107.6562146074,45.8459192174127
2016-01-01 01:00:00,67,187.6598502345,483.766062902078,89.4747698259372,54.9843920436363
2016-01-01 02:00:00,67,186.870417737905,386.420099962839,107.828372596476,46.0238553994196
2016-01-01 03:00:00,67,186.501887403847,397.824561002223,101.695172721466,53.4342437881397
2016-01-01 04:00:00,67,191.019011340204,384.838126281324,105.417585404164,56.0691810631714
2016-01-01 05:00:00,67,181.821877120629,467.204461099833,100.353146062806,61.5208383531195
2016-01-01 06:00:00,67,179.633880034887,446.660527566862,95.5737393960513,53.9179270474315
2015-12-31 08:00:00,68,173.377178266927,401.164007048831,94.9738286780934,41.8141046055095
2015-12-31 09:00:00,68,179.244520840791,524.038154642701,101.676235780883,40.3772235667672
2015-12-31 10:00:00,68,169.96834862766,533.27420584136,99.2886339866678,47.1160956627526
2015-12-31 11:00:00,68,180.012975267224,323.783250731128,78.5122974315958,42.7279952281022
2015-12-31 12:00:00,68,183.292215015403,479.656848094438,99.1905673378449,40.5308758360437
2015-12-31 13:00:00,68,167.64357378788,410.365330036757,103.257653686471,37.2919647816366
2015-12-31 14:00:00,68,151.068741931319,533.6160692499,98.121539711383,43.7568853516694
2015-12-31 15:00:00,68,170.02441398374,534.990582420745,114.38144132874,50.5641420890121
2015-12-31 16:00:00,68,166.298619478987,439.237796786293,105.525010728371,34.9286002624893
2015-12-31 17:00:00,68,171.284723781044,395.163346754751,101.39052787736,49.7212579435093
2015-12-31 18:00:00,68,155.977369547804,507.504572207739,116.37385032236,47.9143479764771
2015-12-31 19:00:00,68,154.056671207947,467.700462346407,111.482784015825,37.037890802142
2015-12-31 20:00:00,68,139.862612025074,392.240573240403,101.138128058649,41.1904722112211
2015-12-31 21:00:00,68,201.543597445291,443.77036483144,117.810421789,41.4913657133201
2015-12-31 22:00:00,68,173.742266350309,437.450080335574,85.0389922543915,33.9453931958176
2015-12-31 23:00:00,68,181.7784716296,474.324207504597,107.839955539842,35.9275323133291
2016-01-01 00:00:00,68,191.055074477518,381.169817902723,99.3585457340808,27.966487486912
2016-01-01 01:00:00,68,155.2310069662,455.715835668591,108.078261286323,40.2913310432078
2016-01-01 02:00:00,68,152.185151465638,508.695982688836,99.4856459784783,41.7413380462474
2016-01-01 03:00:00,68,181.039424359274,548.26652793596,88.9979203613425,38.9726624716037
2016-01-01 04:00:00,68,152.869366586477,420.931453698122,90.4865934345378,42.3237877139375
2016-01-01 05:00:00,68,147.246047230601,486.108213331716,110.532279158711,37.0432450631964
2016-01-01 06:00:00,68,180.733284445593,365.248306189929,96.8818784346112,45.0439191760417
2015-12-31 08:00:00,69,174.359006861466,435.016118372078,108.265750860811,39.5201776767847
2015-12-31 09:00:00,69,155.797982601568,370.029340372707,97.3197905335603,40.3432117235351
2015-12-31 10:00:00,69,189.307689545252,491.585895760108,96.2247404524391,48.3025858178858
2015-12-31 11:00:00,69,169.147729919737,429.149546608362,87.3053516556569,37.1612607000774
2015-12-31 12:00:00,69,162.711863047807,387.724521989115,92.5483689370558,44.6122627919382
2015-12-31 13:00:00,69,177.327550954213,411.932930991118,91.106169473771,39.0750674566407
2015-12-31 14:00:00,69,164.787007158437,391.029125328448,89.2926895971176,49.8424928373126
2015-12-31 15:00:00,69,168.757774247332,472.719532497523,104.378858425078,37.433137706006
2015-12-31 16:00:00,69,152.128865340303,467.393531159371,98.2818147738983,50.7643005422929
2015-12-31 17:00:00,69,125.685644136635,366.041791517604,105.065535720788,41.0662731176783
2015-12-31 18:00:00,69,170.474749767212,383.687584583147,99.3530717713677,40.3993759065468
2015-12-31 19:00:00,69,150.29124613707,398.283507682535,102.539833260364,35.9302300898037
2015-12-31 20:00:00,69,173.110498227259,504.556449100993,89.6892237770477,43.2951203892447
2015-12-31 21:00:00,69,162.063636577638,469.658248274159,92.6343831563613,39.7775786530936
2015-12-31 22:00:00,69,156.695623563563,505.910744227814,84.5925159148781,34.5095460156124
2015-12-31 23:00:00,69,170.799398226124,525.249538080162,113.786767229555,39.5474563329101
2016-01-01 00:00:00,69,166.869447135569,477.607631430476,110.98894485762,36.0574944826593
2016-01-01 01:00:00,69,174.945476046062,515.45669471268,89.060672637653,40.9918905573821
2016-01-01 02:00:00,69,152.301552875247,479.968632058592,92.2891873875515,37.9222053505691
2016-01-01 03:00:00,69,147.89600790834,503.964344795907,122.8409407187,40.8153663410752
2016-01-01 04:00:00,69,193.905786191873,370.305013360323,101.029395107598,40.5152440738844
2016-01-01 05:00:00,69,196.626350816711,452.138946031186,93.1025781519258,38.9918969876097
2016-01-01 06:00:00,69,152.966548983957,501.248853800413,102.250342478509,43.5759280655779
2015-12-31 08:00:00,70,164.268297775682,473.067140397648,98.271126044664,42.5340101206621
2015-12-31 09:00:00,70,155.333170323333,481.987828056184,93.5201411525065,42.4809645460897
2015-12-31 10:00:00,70,155.966683980369,407.435310234045,104.764330555216,33.9799838054865
2015-12-31 11:00:00,70,159.586720560641,383.698122049335,85.2884338346095,42.1078330102337
2015-12-31 12:00:00,70,167.874655849294,486.894755839102,107.047771294396,39.831169237313
2015-12-31 13:00:00,70,161.656239845112,419.638050422506,95.0512816179113,39.9054416097009
2015-12-31 14:00:00,70,158.347292902605,401.898093473041,104.465026144343,37.4672636136421
2015-12-31 15:00:00,70,146.86758379226,533.576553474804,115.528397342716,43.1484910096667
2015-12-31 16:00:00,70,181.806386277358,453.809573243101,112.661407748528,41.3765172609615
2015-12-31 17:00:00,70,181.088764493447,557.874843039019,109.825663418732,42.3538443096253
2015-12-31 18:00:00,70,164.267621648365,412.735039883086,89.8862727064555,31.1742929009681
2015-12-31 19:00:00,70,163.941257191175,488.707179111256,82.8965502174609,42.0154610327395
2015-12-31 20:00:00,70,178.010525895733,559.740827841984,103.062518106785,40.4009878777294
2015-12-31 21:00:00,70,146.763801120591,535.614721267155,90.4333677789809,42.0287201618216
2015-12-31 22:00:00,70,137.880487152118,511.388120417023,124.82170581672,47.5574856936867
2015-12-31 23:00:00,70,183.281263977946,360.29907915532,93.2999656074216,51.4483094450946
2016-01-01 00:00:00,70,181.665352298495,520.292025771208,90.328044043552,41.9922573161516
2016-01-01 01:00:00,70,188.620626822592,468.014665998566,93.9163465199587,40.9013862659581
2016-01-01 02:00:00,70,166.886820621448,450.862943024496,100.959738998411,45.2105441977684
2016-01-01 03:00:00,70,168.253022363832,408.202527550584,94.0226662890077,44.7182712163123
2016-01-01 04:00:00,70,176.686432086999,422.86616400018,117.365631194267,42.3379640636426
2016-01-01 05:00:00,70,169.158399466567,514.258506722825,85.1174097102252,44.8102259365121
2016-01-01 06:00:00,70,188.135372080984,457.661580203302,89.7252506755594,42.9322012598759
2015-12-31 08:00:00,71,164.968622051752,402.466046065481,97.3411084433115,41.2303946832039
2015-12-31 09:00:00,71,171.660331457647,388.865638165772,105.447990830741,35.3945086147255
2015-12-31 10:00:00,71,184.098994497753,343.567337560406,118.842120861196,44.9678862395062
2015-12-31 11:00:00,71,182.062761782061,333.407004991862,103.837581103001,44.2618641067441
2015-12-31 12:00:00,71,163.942096039113,310.253003780003,101.463452110572,39.0879387128911
2015-12-31 13:00:00,71,155.684721370275,327.815103471694,105.763687628201,42.3337595030795
2015-12-31 14:00:00,71,165.452955593508,388.82746419399,98.6364520558375,39.9226656247916
2015-12-31 15:00:00,71,140.398941470135,331.034050812854,93.5198937416507,42.5706662788872
2015-12-31 16:00:00,71,158.04443170206,378.082477386346,97.00688534825,36.0235974877206
2015-12-31 17:00:00,71,188.17235580085,430.802043991843,101.917033643081,36.3543538473977
2015-12-31 18:00:00,71,155.079697489506,364.524973767046,95.6872928648297,33.9247291065335
2015-12-31 19:00:00,71,145.784766298545,345.240211785267,90.2658635244014,43.8785678461117
2015-12-31 20:00:00,71,159.657200625204,469.892386011094,88.8433749863777,47.6038235923763
2015-12-31 21:00:00,71,180.32811884146,437.684777042778,106.48300656029,40.4257267871428
2015-12-31 22:00:00,71,172.014357223099,400.481847113209,98.7850267335934,32.9659277892662
2015-12-31 23:00:00,71,134.058362801934,271.355559325915,93.7374008215414,41.4919544090541
2016-01-01 00:00:00,71,160.665158964877,345.927682971424,92.6076309691891,33.8954483310821
2016-01-01 01:00:00,71,190.674464406522,280.885757883171,95.8706797979651,34.644699651436
2016-01-01 02:00:00,71,176.185815925062,479.649412435458,108.592396573729,36.6912309154554
2016-01-01 03:00:00,71,144.917615558767,389.697913568121,112.635775932257,35.0370994321495
2016-01-01 04:00:00,71,178.786298202597,455.615464248942,95.397648167759,48.8850745958547
2016-01-01 05:00:00,71,148.695066330996,399.563671484857,90.8374556924529,42.5964978941408
2016-01-01 06:00:00,71,174.028201918891,349.326012950474,111.231560641344,38.6696743943148
2015-12-31 08:00:00,72,184.53881681787,408.44751377351,111.903124536292,33.9095470517952
2015-12-31 09:00:00,72,158.186775532328,394.237779471605,137.912967304735,40.6524081760813
2015-12-31 10:00:00,72,207.945040790279,365.958101282218,117.182401400614,47.7421379811431
2015-12-31 11:00:00,72,185.595473620468,358.477941938531,123.40254613852,39.2791373966871
2015-12-31 12:00:00,72,182.00795255348,383.921224945083,126.466605485261,46.0057740165508
2015-12-31 13:00:00,72,161.458296255658,359.532708232564,126.325356866421,43.4204607639963
2015-12-31 14:00:00,72,163.520511272957,410.237567527971,128.245970411437,39.3931945284802
2015-12-31 15:00:00,72,170.9621595598,365.300002328963,125.115134774593,40.3198359622479
2015-12-31 16:00:00,72,170.514756925388,410.246763656596,110.151344421841,39.3553899555904
2015-12-31 17:00:00,72,177.331336990108,384.626697135514,101.025216387225,45.072868653534
2015-12-31 18:00:00,72,172.256943313984,346.905810090515,104.325871750952,37.6821409140641
2015-12-31 19:00:00,72,160.06917539777,444.601185874623,138.646776489006,32.1789558242321
2015-12-31 20:00:00,72,151.134908089021,416.618831037149,114.508781765174,38.3495868471965
2015-12-31 21:00:00,72,171.873897243567,291.019622873571,109.559551893896,40.7728065397109
2015-12-31 22:00:00,72,172.275855520054,408.6323347458,129.998725568082,41.7218599196609
2015-12-31 23:00:00,72,155.322193424892,330.278954097267,123.7478957199,44.4319100597025
2016-01-01 00:00:00,72,153.498677572514,442.088934997023,131.167901936842,43.9395639270887
2016-01-01 01:00:00,72,165.959389834889,413.396824451014,107.082587192872,33.319053093531
2016-01-01 02:00:00,72,155.680787729759,462.732734933775,121.205838488839,31.9636622359805
2016-01-01 03:00:00,72,166.547055888007,411.697330967633,107.277515190568,48.3442918801902
2016-01-01 04:00:00,72,155.28951797036,322.435106844018,135.211713207311,39.7867416175404
2016-01-01 05:00:00,72,164.140409608198,341.15495208124,120.864364062947,36.8021025067432
2016-01-01 06:00:00,72,183.17686142004,381.242172004566,104.658440583155,38.5049975194979
2015-12-31 08:00:00,73,170.717770978939,488.283511333189,86.8716158374057,36.2385931456468
2015-12-31 09:00:00,73,182.610309084746,411.489353224571,91.0253723517362,37.4524247878615
2015-12-31 10:00:00,73,166.901245232245,438.76922674522,111.748784895095,37.4045483888149
2015-12-31 11:00:00,73,169.548798070068,404.268310788234,90.5658409606401,46.4453050304643
2015-12-31 12:00:00,73,154.442198336532,471.237113101034,104.247094820743,45.0347023251019
2015-12-31 13:00:00,73,130.926570308786,454.426038974212,123.455453853935,37.7050149867538
2015-12-31 14:00:00,73,167.435366944514,481.52313644316,90.9406208465746,42.0133675450014
2015-12-31 15:00:00,73,172.753997563644,444.692267863962,94.42781512109,43.0234578166278
2015-12-31 16:00:00,73,159.413126977438,533.373821789347,91.9448637014785,39.6418520496445
2015-12-31 17:00:00,73,138.989524603888,408.961218640608,101.433685166917,34.6398084281517
2015-12-31 18:00:00,73,161.294180152559,430.781446849341,105.854700651334,40.8704832612124
2015-12-31 19:00:00,73,182.785158031338,470.256976067803,101.439109991043,35.4795311472699
2015-12-31 20:00:00,73,167.430810799793,394.026229992238,101.227004386854,47.0793149531232
2015-12-31 21:00:00,73,185.725957927966,478.293209812797,98.478292646568,28.7550548678283
2015-12-31 22:00:00,73,161.190877699742,411.169114763875,104.319891491342,31.5711158788251
2015-12-31 23:00:00,73,163.893592799339,452.31114844256,92.6604814890163,28.0585095080502
2016-01-01 00:00:00,73,172.119697989925,420.699053395466,94.6202417929664,41.0537975802445
2016-01-01 01:00:00,73,153.685503121824,528.273838213949,92.2849770547163,50.1821227163735
2016-01-01 02:00:00,73,169.141010424259,464.542742013867,84.473513733162,45.6246757868318
2016-01-01 03:00:00,73,193.547370247236,425.520881624364,90.076310561914,37.4804263735513
2016-01-01 04:00:00,73,180.926409446399,404.379838064603,100.877066318889,38.6736403694215
2016-01-01 05:00:00,73,165.670833468544,566.270870311019,89.4177261171189,48.3188178556541
2016-01-01 06:00:00,73,181.705663556759,515.611791795487,108.04881047317,47.7270318047549
2015-12-31 08:00:00,74,149.323075762213,420.882524800214,122.864730194277,45.0823893311249
2015-12-31 09:00:00,74,159.842291289284,445.756838854161,108.954916572069,40.1012884765834
2015-12-31 10:00:00,74,147.570071709427,405.096926052598,107.79343056711,40.0380967819552
2015-12-31 11:00:00,74,166.546963461292,471.460513008742,102.492885116973,48.7894684937894
2015-12-31 12:00:00,74,170.049478965715,463.653831612777,98.0958854815059,38.2858932447186
2015-12-31 13:00:00,74,194.091818614317,406.804050476001,81.5459261796608,38.339327149193
2015-12-31 14:00:00,74,185.772952107417,391.23592215527,93.3764807513684,44.4026042449658
2015-12-31 15:00:00,74,162.62170188194,456.628444601035,99.9395180223082,41.5377818499432
2015-12-31 16:00:00,74,167.959150507405,470.765777984701,93.9009702025514,40.0482048490285
2015-12-31 17:00:00,74,155.676722508831,397.703493690584,105.70145515232,40.4665768455093
2015-12-31 18:00:00,74,155.282372019608,392.225504502189,119.561965953227,46.6239842267826
2015-12-31 19:00:00,74,187.452103696433,339.536326375741,119.824155196792,39.7062149550002
2015-12-31 20:00:00,74,163.077347838324,473.984834052734,87.1307984678024,40.9753643151142
2015-12-31 21:00:00,74,181.789826740867,517.145858049312,82.0086670198109,36.4412672442523
2015-12-31 22:00:00,74,163.455305102149,461.608079268764,99.9645975154347,36.6483449118156
2015-12-31 23:00:00,74,166.206269998796,521.96310048398,82.1567458703891,36.8491472571986
2016-01-01 00:00:00,74,203.299410737037,405.179555908214,89.720098827258,33.6942303947754
2016-01-01 01:00:00,74,190.019946899748,484.675723248337,86.2734269905291,31.7441897029321
2016-01-01 02:00:00,74,139.47208324564,469.407504053058,103.73782820393,48.009715438383
2016-01-01 03:00:00,74,168.995572425384,418.008557609234,97.4487464150592,49.9847767325459
2016-01-01 04:00:00,74,146.997302492115,435.992120549901,95.6628730763905,40.0471242167939
2016-01-01 05:00:00,74,147.790012710746,451.763320200777,107.399013210527,38.1490148365096
2016-01-01 06:00:00,74,188.299688287352,494.616310112328,101.785150065367,41.6096646067076
2015-12-31 08:00:00,75,163.646650240561,467.027799914466,99.9757954043121,45.0081363163238
2015-12-31 09:00:00,75,185.064418578307,453.929481759732,97.1783708279075,40.9728893686364
2015-12-31 10:00:00,75,153.892840541185,370.199873508822,110.64621582328,39.1821203934761
2015-12-31 11:00:00,75,189.963506446429,425.325678767404,97.9279823679373,33.8179529118472
2015-12-31 12:00:00,75,195.394459480351,544.910267181351,102.105511307461,53.8669364023249
2015-12-31 13:00:00,75,184.197659490528,411.272563796888,94.4047592269202,32.7097781221654
2015-12-31 14:00:00,75,196.495742993025,407.412140107096,98.8151278699665,34.3175553088039
2015-12-31 15:00:00,75,172.107520942348,466.829158109522,108.845988681304,43.9020904224744
2015-12-31 16:00:00,75,185.521465596879,393.563535636492,91.1603913329759,41.6714008584546
2015-12-31 17:00:00,75,175.693810541648,363.526972784639,96.2354881304313,39.7688391589983
2015-12-31 18:00:00,75,177.007596178949,482.311908949756,107.658711366587,35.7800175470454
2015-12-31 19:00:00,75,178.924934357509,307.419926854613,117.63209582938,38.1264702807894
2015-12-31 20:00:00,75,185.802039409633,468.054968283334,92.9466934028054,40.4615087747147
2015-12-31 21:00:00,75,195.266282712223,415.142384280455,109.228459853892,32.762151068089
2015-12-31 22:00:00,75,197.60585545187,412.585153040969,110.277704091183,46.9806957037208
2015-12-31 23:00:00,75,207.118045034369,424.547024448982,96.5653670466305,40.1220426836225
2016-01-01 00:00:00,75,180.535737887449,402.91457524133,90.0385535996519,40.3007688604102
2016-01-01 01:00:00,75,181.633629383388,456.836867206512,83.7739516122235,37.8367902043065
2016-01-01 02:00:00,75,179.432434497435,380.509455426999,87.6741515403475,38.8032507916019
2016-01-01 03:00:00,75,220.22421658076,461.107697867236,86.7721680609699,29.3421064196044
2016-01-01 04:00:00,75,200.240846839318,474.000832092881,108.530850198637,35.0087820030413
2016-01-01 05:00:00,75,212.162932663775,441.98214198972,104.816932738926,31.0215416361626
2016-01-01 06:00:00,75,194.304345665641,506.924585604539,101.655917310663,46.4215159720996
2015-12-31 08:00:00,76,173.180097644276,486.175413857066,109.964030257206,29.6395718206102
2015-12-31 09:00:00,76,142.785179996129,439.000513632315,94.8058689294889,48.7248936697866
2015-12-31 10:00:00,76,168.267885306959,456.385437044839,93.6847325084568,39.7829670463224
2015-12-31 11:00:00,76,185.890460319539,443.713333433958,85.8435466868379,37.541925619282
2015-12-31 12:00:00,76,162.607617103245,485.152227020883,90.0541843653677,35.3609118635506
2015-12-31 13:00:00,76,178.300011425207,523.007617508449,95.3649053403896,30.9629171574456
2015-12-31 14:00:00,76,170.990652341628,454.48473014421,95.4853982176,27.2117940722981
2015-12-31 15:00:00,76,155.676326160023,412.944675674857,105.902788378188,42.3009531773864
2015-12-31 16:00:00,76,191.492816782909,559.761614717161,115.890238320544,27.0238671576525
2015-12-31 17:00:00,76,162.865825469617,415.513581164838,91.0222692100372,39.0751423766401
2015-12-31 18:00:00,76,179.701490358386,469.333360319061,92.0362850548795,42.2540477738582
2015-12-31 19:00:00,76,148.605452720731,478.818019579534,101.706835280604,33.3440419099096
2015-12-31 20:00:00,76,173.8055636972,311.016131520976,107.209724622406,43.5126234236546
2015-12-31 21:00:00,76,165.323794789517,492.316086250672,90.2695963666147,42.9477399150106
2015-12-31 22:00:00,76,174.694174981872,467.070553289081,95.1415510377094,34.4308052167805
2015-12-31 23:00:00,76,155.923874018244,521.601464297109,94.3947684583277,38.8105752082684
2016-01-01 00:00:00,76,184.797531731128,462.421957334402,110.700742968501,40.515454223137
2016-01-01 01:00:00,76,210.345783377854,601.189422553654,93.0918130827649,44.1129867841492
2016-01-01 02:00:00,76,191.392066591514,448.309714011539,99.9112030612218,45.5050074967479
2016-01-01 03:00:00,76,209.838999831913,438.606734688319,96.2877342479701,43.2755124488332
2016-01-01 04:00:00,76,227.804537619791,374.077801536758,91.7086257038022,44.3387076449334
2016-01-01 05:00:00,76,188.419628741947,452.185911789621,91.476543380244,43.6677163493039
2016-01-01 06:00:00,76,175.176498936929,491.34506750422,116.362892014148,37.4191372141602
2015-12-31 08:00:00,77,178.590617293606,526.592989268731,106.256214896415,25.5464227819216
2015-12-31 09:00:00,77,188.289981060975,403.112500561972,97.7888112585719,46.2505733768581
2015-12-31 10:00:00,77,147.337748345532,486.590114217007,88.3441791621342,40.8335320788531
2015-12-31 11:00:00,77,200.59864891803,421.391885561714,101.156807353464,42.5309462383326
2015-12-31 12:00:00,77,193.732679129427,351.293473506346,114.905828738304,38.8879121539671
2015-12-31 13:00:00,77,186.37180138905,483.278159078233,109.518415338097,32.6426806531644
2015-12-31 14:00:00,77,202.108514953206,493.937583540924,120.960473900036,33.47982996423
2015-12-31 15:00:00,77,178.570600130855,463.861136353024,109.764348161936,36.7483569731163
2015-12-31 16:00:00,77,189.225492817588,563.602890837852,106.974762343675,48.316813326549
2015-12-31 17:00:00,77,168.637360894083,394.3067717173,98.3642181399552,37.6067289532769
2015-12-31 18:00:00,77,181.839769316459,400.007479638858,116.039064483784,32.0791727334113
2015-12-31 19:00:00,77,172.676532082655,493.64926696136,100.067306507391,39.447419262008
2015-12-31 20:00:00,77,177.133465543868,468.183381632198,94.189459908623,42.4292763147536
2015-12-31 21:00:00,77,143.88580505293,486.638863212414,90.8847295161196,40.9509234022835
2015-12-31 22:00:00,77,165.079642294733,479.60468590898,93.9877694045473,40.385666682641
2015-12-31 23:00:00,77,185.459561755247,428.888961745259,113.993712346832,35.7329067417647
2016-01-01 00:00:00,77,175.19812338824,465.653815991423,104.347732422873,40.2880334911691
2016-01-01 01:00:00,77,182.104763712143,484.335097723104,90.7660954616203,35.9979728236508
2016-01-01 02:00:00,77,175.416646867695,530.720679618963,109.876251473434,39.8602638451494
2016-01-01 03:00:00,77,183.637333409101,493.700776443695,110.502552726557,41.7155363219278
2016-01-01 04:00:00,77,181.824576845673,552.767043238476,107.039613284315,36.5341244657748
2016-01-01 05:00:00,77,151.198700044286,357.044546160156,110.71185716859,36.6304117299405
2016-01-01 06:00:00,77,183.235718892148,480.994164667305,82.7485006439007,40.2639020592407
2015-12-31 08:00:00,78,175.14025796376,490.295355173156,86.2967664911428,36.8884920998299
2015-12-31 09:00:00,78,191.11628509905,494.01072321967,120.311624278324,41.2265640042519
2015-12-31 10:00:00,78,191.9626501153,462.180560749121,89.371280833052,45.3738596993589
2015-12-31 11:00:00,78,169.684603228653,551.001197533176,96.7615854415981,43.2212659232167
2015-12-31 12:00:00,78,188.180303707765,340.033452398863,112.474805474838,40.0666070635635
2015-12-31 13:00:00,78,210.458281786681,471.387668445177,95.0229256613803,45.8948392737375
2015-12-31 14:00:00,78,170.968255574258,461.745160408108,99.25743897041,40.5298620488369
2015-12-31 15:00:00,78,160.339413201314,394.173248611772,108.74752521093,36.4913274446426
2015-12-31 16:00:00,78,183.291640304771,412.832356865167,108.803802737139,32.6747900030354
2015-12-31 17:00:00,78,213.337346209806,499.661829330463,99.4057789637315,31.9100436301162
2015-12-31 18:00:00,78,204.095468844837,419.343713257026,100.340332949693,39.4212999100897
2015-12-31 19:00:00,78,203.370569341376,383.019010080648,96.8401693006636,41.2851869797299
2015-12-31 20:00:00,78,196.895384576758,389.448121921431,89.7795168810333,41.7349954029712
2015-12-31 21:00:00,78,212.169915393057,469.182897664636,117.296147384315,38.3411992314283
2015-12-31 22:00:00,78,196.548962780183,447.743929123485,94.8779263054823,34.8103131102171
2015-12-31 23:00:00,78,190.433039664768,422.183404028635,95.3013372665111,47.2124848897846
2016-01-01 00:00:00,78,178.992035370976,439.441766192274,109.325078275281,37.8394681190446
2016-01-01 01:00:00,78,192.120541473721,469.145568983434,98.1005955198505,43.6893524298959
2016-01-01 02:00:00,78,202.829867140336,455.104998953236,101.508019875634,57.7257282204725
2016-01-01 03:00:00,78,192.459038198188,438.700905156562,89.8752546714592,45.8889830328252
2016-01-01 04:00:00,78,173.593850389138,480.169180894578,91.5141444349717,33.5095427687362
2016-01-01 05:00:00,78,185.512694359449,461.954923440926,92.4671264417461,47.0460120803731
2016-01-01 06:00:00,78,185.582254755595,485.529818890999,84.2220612770539,47.7680370323435
2015-12-31 08:00:00,79,178.124617571247,382.704800133393,115.925745010664,34.0257602061841
2015-12-31 09:00:00,79,183.98515891274,356.449261199642,83.5528587982505,41.9854098973958
2015-12-31 10:00:00,79,177.495924884345,455.488546459184,110.80595520988,39.028756988964
2015-12-31 11:00:00,79,201.472979209253,343.24680362881,123.086165828605,35.7557476414608
2015-12-31 12:00:00,79,158.931321130751,344.470154721475,112.307377934458,35.0571559759266
2015-12-31 13:00:00,79,189.526140467213,426.468411151006,112.282408344176,45.4050222789779
2015-12-31 14:00:00,79,173.004089043092,263.316703320057,114.263911152795,32.4311162487843
2015-12-31 15:00:00,79,150.861708532699,315.213072302319,104.739067889609,34.5901636150364
2015-12-31 16:00:00,79,160.956720189046,367.565735918429,83.6736420333795,47.5160280787016
2015-12-31 17:00:00,79,190.038411020167,394.172910199759,76.6897619701749,40.1193849468054
2015-12-31 18:00:00,79,176.773593071548,363.445674811814,109.062590715064,40.2751942653396
2015-12-31 19:00:00,79,160.963933788032,390.365623730318,74.1030623364064,46.50933674281
2015-12-31 20:00:00,79,160.940830157569,295.845496971684,85.4601605786034,46.1809793860917
2015-12-31 21:00:00,79,198.300518294404,377.431218053108,102.210479599481,39.0714515318588
2015-12-31 22:00:00,79,165.58564968769,356.356202526201,93.6675446818104,45.1313021677989
2015-12-31 23:00:00,79,191.669855442198,339.336894223378,96.3825933211082,43.7838763875402
2016-01-01 00:00:00,79,177.852258015996,355.302014997905,103.477154487069,36.7612185237818
2016-01-01 01:00:00,79,178.647451879577,372.979207718125,81.5720358833895,32.3986277290604
2016-01-01 02:00:00,79,177.910521625478,433.976273892544,107.094083848102,37.8993284523154
2016-01-01 03:00:00,79,180.12779704141,436.211213376004,104.49180238462,40.133925698157
2016-01-01 04:00:00,79,169.745636652546,372.87896251757,97.5415762911817,42.8765311527422
2016-01-01 05:00:00,79,159.103197770184,377.87235095533,110.863161530662,43.9359680153176
2016-01-01 06:00:00,79,170.478829949451,332.496518666993,98.4819938364741,37.2356091133316
2015-12-31 08:00:00,80,194.661747215406,409.097056664184,96.5702938092916,37.7212684797122
2015-12-31 09:00:00,80,195.003494928435,434.783830602414,96.6621165048471,40.3494135924966
2015-12-31 10:00:00,80,210.029759466139,345.379059650731,88.9830473763759,32.446469942526
2015-12-31 11:00:00,80,201.570190259114,455.346743371741,93.9564757961507,37.259311087255
2015-12-31 12:00:00,80,180.790428555156,386.785483730657,102.333129509738,42.9611278862058
2015-12-31 13:00:00,80,199.119916502331,477.223945397446,95.6516551143671,38.7015340283145
2015-12-31 14:00:00,80,182.867676984489,350.708986658278,79.7986583519505,39.9385110078258
2015-12-31 15:00:00,80,190.120120838147,503.733536554487,78.9667240274658,42.822432071265
2015-12-31 16:00:00,80,172.124720504977,462.248368295963,99.6822560065048,40.2654906378502
2015-12-31 17:00:00,80,208.877697902662,445.109874982073,94.8105119268069,36.7711512420526
2015-12-31 18:00:00,80,199.409869098708,517.066998664231,109.533134779374,40.8558000504452
2015-12-31 19:00:00,80,201.810103333163,462.892821131807,89.6146458037285,32.3963104065076
2015-12-31 20:00:00,80,179.691793515905,443.547110553371,97.7687634784109,40.5058023216845
2015-12-31 21:00:00,80,203.217750958141,431.479596088387,94.9099430220793,34.7879344192411
2015-12-31 22:00:00,80,201.231850203077,387.149723547336,106.829466882362,34.0644919156142
2015-12-31 23:00:00,80,189.907720714077,420.139336847353,98.5012942350026,47.7798900818269
2016-01-01 00:00:00,80,195.824609963892,428.506015464785,103.184011921776,40.8202646180128
2016-01-01 01:00:00,80,186.80832934894,428.32252503433,87.0022685553729,38.1336210231446
2016-01-01 02:00:00,80,186.391888256366,532.052589012228,120.301859580891,38.5946245067847
2016-01-01 03:00:00,80,194.151158873906,505.757024102213,102.42772170499,37.8698550248878
2016-01-01 04:00:00,80,214.643935337886,468.766420344298,97.9330722936237,39.3416537280012
2016-01-01 05:00:00,80,190.852972004597,469.709031096545,95.7917657886257,39.6940379720697
2016-01-01 06:00:00,80,161.435535462796,490.037879241946,91.03314797053,45.8728783060265
2015-12-31 08:00:00,81,184.238677841334,502.987954114215,82.2678878230096,43.071976187126
2015-12-31 09:00:00,81,174.924984931835,459.080752770933,105.143338579306,46.5782821624206
2015-12-31 10:00:00,81,164.150118527184,414.743916954254,98.6340247071815,40.2904919494295
2015-12-31 11:00:00,81,185.539745198594,471.20237491749,108.058810649747,38.4471843867832
2015-12-31 12:00:00,81,179.054283223719,508.192624388827,86.978616560404,40.8448363085999
2015-12-31 13:00:00,81,152.978489454906,450.246870856793,102.606835608056,47.7318050565443
2015-12-31 14:00:00,81,179.950507210959,528.553290462978,132.522076728953,35.3984838771941
2015-12-31 15:00:00,81,159.106678590668,465.047327000052,128.698382759508,46.5280354278421
2015-12-31 16:00:00,81,175.415681848055,400.29520261542,117.921370681046,43.8661048997252
2015-12-31 17:00:00,81,178.551871078115,463.220649404135,132.718720107095,39.4988323823216
2015-12-31 18:00:00,81,159.762541541449,469.472750183785,117.228133210509,46.090767740425
2015-12-31 19:00:00,81,162.932697176814,457.81401600842,132.242307124165,34.0643331663033
2015-12-31 20:00:00,81,145.205789873895,482.182208974783,120.500572759952,46.2781552453193
2015-12-31 21:00:00,81,160.572133599924,534.406472949307,115.190862810785,34.9921912216756
2015-12-31 22:00:00,81,214.721640955955,436.92633723108,112.482822317998,35.3375823007182
2015-12-31 23:00:00,81,164.870832188781,436.804696208945,124.223575591892,44.5662324064904
2016-01-01 00:00:00,81,165.776305019787,420.227419649103,123.440777880331,30.4527373974665
2016-01-01 01:00:00,81,170.557900739309,439.927457639406,115.087256575666,51.0316195501586
2016-01-01 02:00:00,81,178.604997342516,337.744700484808,127.326039007206,36.6096459380773
2016-01-01 03:00:00,81,186.964026234401,474.229602221419,117.748867801993,38.6655644269489
2016-01-01 04:00:00,81,179.249374525528,429.234503222779,134.162961765593,35.9553825858062
2016-01-01 05:00:00,81,148.176053012795,445.427653809018,142.159339862951,42.5011750622033
2016-01-01 06:00:00,81,189.033648255377,428.391098140869,129.336372799514,43.5681120440744
2015-12-31 08:00:00,82,162.612120250815,399.767580937507,112.700049817369,53.552046327404
2015-12-31 09:00:00,82,178.7462700243,467.419183493658,128.725798471886,50.6101036064824
2015-12-31 10:00:00,82,149.358900357444,542.595922652984,77.4590655450153,51.1471660330399
2015-12-31 11:00:00,82,183.077580251776,421.988025336243,105.310147066208,51.4938934249695
2015-12-31 12:00:00,82,168.363466538567,537.037411040993,93.6373600397889,49.6863676755321
2015-12-31 13:00:00,82,177.699517074252,454.856034435635,96.762394952764,49.4415232175875
2015-12-31 14:00:00,82,176.915001225248,481.616191585558,103.969373906925,46.4786235630574
2015-12-31 15:00:00,82,184.843047166987,488.89760006834,122.606066481364,63.9182703461205
2015-12-31 16:00:00,82,160.130727569903,476.882626862192,100.877653090994,56.3279369291538
2015-12-31 17:00:00,82,154.594893323864,506.926041334486,86.3454512574287,47.2942331957184
2015-12-31 18:00:00,82,185.964755839037,351.063368826514,108.087017082738,43.5885441242564
2015-12-31 19:00:00,82,170.731953307593,376.111848506117,104.509784174947,58.1900077626027
2015-12-31 20:00:00,82,173.598970155971,472.779957759399,86.9075384560043,53.0410273573415
2015-12-31 21:00:00,82,167.26128418409,475.717553511283,102.805293603795,43.7906585218938
2015-12-31 22:00:00,82,190.382814036408,509.821882627345,98.2882589911089,50.9973662318679
2015-12-31 23:00:00,82,167.431556279583,501.331267297417,99.3255890335547,49.5699267563785
2016-01-01 00:00:00,82,153.530629927462,479.208021233651,90.4870517289976,51.4636543533753
2016-01-01 01:00:00,82,175.958075453918,354.976078574391,88.5607824221471,47.7919746090785
2016-01-01 02:00:00,82,134.413104839648,563.765736019158,79.8092142578512,47.1196482174383
2016-01-01 03:00:00,82,169.679944892194,517.341860724191,103.60474468794,44.1206730263687
2016-01-01 04:00:00,82,158.639471800761,501.763868245475,101.347103909064,43.1289495576754
2016-01-01 05:00:00,82,189.05050067369,471.672619679345,94.1721077621339,53.8353876290771
2016-01-01 06:00:00,82,159.557194543136,361.764739185282,103.36805423145,47.3393888710757
2015-12-31 08:00:00,83,160.458997885728,521.778121440855,87.9195187116734,39.3813687929605
2015-12-31 09:00:00,83,160.468246343169,538.457615983934,106.621168274387,45.1461248243502
2015-12-31 10:00:00,83,160.943645831791,436.000102775952,76.7256106298085,38.6960502436444
2015-12-31 11:00:00,83,157.735116873175,545.679884791468,99.5558592516793,31.3661018521943
2015-12-31 12:00:00,83,193.400354149344,446.716747815837,105.654244893189,45.1273601825713
2015-12-31 13:00:00,83,160.178956842545,501.035466372186,91.6252630893552,39.5810848958828
2015-12-31 14:00:00,83,174.464647777701,434.859559682292,107.496404662855,35.2549293677892
2015-12-31 15:00:00,83,165.961430300158,495.684724882985,98.3645523443245,40.8889134020951
2015-12-31 16:00:00,83,177.756188581438,467.530597949368,108.811253590632,39.1600384134601
2015-12-31 17:00:00,83,123.01366472904,471.483878986689,95.1025430366862,39.0764603835406
2015-12-31 18:00:00,83,140.361444183988,404.854680539827,108.736507657847,32.312215538148
2015-12-31 19:00:00,83,159.480716257677,478.724943245361,91.598141558464,32.8688990618777
2015-12-31 20:00:00,83,166.381791682788,468.011843306054,129.05293312093,41.2472319618858
2015-12-31 21:00:00,83,158.527711839122,474.075861383083,119.20357170769,44.723300971347
2015-12-31 22:00:00,83,185.421534936988,511.914347206542,106.376446712413,42.9848107112137
2015-12-31 23:00:00,83,168.436708864876,387.378411999353,106.914921214677,36.1198814898523
2016-01-01 00:00:00,83,158.324339304414,528.661846061903,99.0241124815494,47.2613643613338
2016-01-01 01:00:00,83,156.045527999102,400.751554821603,108.30590935503,40.4596303271868
2016-01-01 02:00:00,83,145.087282600397,419.679843608851,99.1701375844262,42.3684497870632
2016-01-01 03:00:00,83,148.834043774387,448.221383667352,95.69763397311,42.2165643715202
2016-01-01 04:00:00,83,195.144976127585,434.444164906716,92.7358722884922,35.6817240957603
2016-01-01 05:00:00,83,155.771896364321,523.959254293305,99.96603383486,41.4838110581033
2016-01-01 06:00:00,83,157.386095607309,454.29749580704,118.931450498928,39.1900672116026
2015-12-31 08:00:00,84,156.361479371849,424.180723075168,74.1571816590859,35.9644391448613
2015-12-31 09:00:00,84,171.078986451732,397.107319243408,116.652835083843,32.5139637881529
2015-12-31 10:00:00,84,165.842039358975,453.316264910213,87.5100492261434,48.00694172295
2015-12-31 11:00:00,84,162.328530138548,483.568294202956,93.5540187471646,38.7828335115904
2015-12-31 12:00:00,84,166.7464460013,428.593573066822,106.188024040833,40.0103278264908
2015-12-31 13:00:00,84,171.888628832238,353.114015101791,90.2221834757858,37.0437430229819
2015-12-31 14:00:00,84,171.154272137923,402.808898354689,106.877785970186,47.8025149879503
2015-12-31 15:00:00,84,160.716256343064,460.900120824051,91.3391979705719,39.4166999144654
2015-12-31 16:00:00,84,156.17540961748,421.221575507762,123.422177678105,33.1589846970958
2015-12-31 17:00:00,84,191.293295123555,493.899201456133,113.461056430999,38.2490358548659
2015-12-31 18:00:00,84,162.040326963277,270.2905172863,99.6219588354672,46.2357317221193
2015-12-31 19:00:00,84,157.738713269899,431.713154344245,102.4088302888,46.3862127216328
2015-12-31 20:00:00,84,169.671832270203,455.623268464346,114.406777582916,39.8185573418814
2015-12-31 21:00:00,84,175.08640099454,478.861625237252,108.412312878221,36.0003266063949
2015-12-31 22:00:00,84,166.787466587036,402.581072558891,103.046934230692,33.5940235936902
2015-12-31 23:00:00,84,167.702171649746,471.260036114492,89.1598711046419,40.5809650019206
2016-01-01 00:00:00,84,164.283530549704,517.200041699097,101.030663772833,45.2933354181615
2016-01-01 01:00:00,84,161.509687917738,400.774067074325,107.779036759604,41.1852665024135
2016-01-01 02:00:00,84,156.616761852314,443.944419774678,110.036294125719,35.8230942916178
2016-01-01 03:00:00,84,211.64313662547,412.837373899609,100.749459701598,42.5771246961424
2016-01-01 04:00:00,84,146.975385207235,424.997065784808,102.810490092635,36.6757853661222
2016-01-01 05:00:00,84,181.533694433665,351.784187384898,95.8560745835601,34.514763099064
2016-01-01 06:00:00,84,182.083427946851,454.272283096292,99.8796998058974,44.5748571294145
2015-12-31 08:00:00,85,200.939574938641,334.835872837859,89.3898480657197,36.4518299387105
2015-12-31 09:00:00,85,203.572793245282,449.204408302534,97.9733439365892,40.1925855339564
2015-12-31 10:00:00,85,198.064945360284,438.176371208113,84.8916199345447,30.5968349892467
2015-12-31 11:00:00,85,202.923367957216,398.068723691316,98.3582797497792,37.4638084651813
2015-12-31 12:00:00,85,187.534647128421,378.088737952589,102.175086570137,38.3113937209738
2015-12-31 13:00:00,85,180.157844277096,355.265458584428,93.4552583690624,38.7706030435119
2015-12-31 14:00:00,85,174.708713415428,436.193217187935,93.7297568214812,39.5578906731068
2015-12-31 15:00:00,85,183.549448788428,456.103432069094,117.034881452697,45.9975010623066
2015-12-31 16:00:00,85,200.92464322281,435.123394497234,106.385437237536,29.0813688570776
2015-12-31 17:00:00,85,206.248775698401,413.098684069446,103.913368047784,36.5414908288082
2015-12-31 18:00:00,85,189.611340896802,436.997213683477,96.1003623368489,44.7433309308218
2015-12-31 19:00:00,85,192.791196449293,440.997367558956,94.1533310805176,40.5463084827633
2015-12-31 20:00:00,85,187.469798056889,418.579701177849,105.125601394434,44.3608153108819
2015-12-31 21:00:00,85,208.177691651356,355.118870576317,100.723443610801,40.7789490809085
2015-12-31 22:00:00,85,200.554623324932,419.273117053905,103.898268429773,43.8304910244064
2015-12-31 23:00:00,85,189.344005154693,491.266706027541,96.9478050619271,42.4964092698189
2016-01-01 00:00:00,85,203.414459402573,437.994862917624,104.54593058498,35.796186151034
2016-01-01 01:00:00,85,160.535380051178,439.523031969278,100.279084205859,40.0598144634038
2016-01-01 02:00:00,85,183.377679574048,429.72546472544,102.094020507676,43.6170354004566
2016-01-01 03:00:00,85,181.272097283093,406.712815918213,111.750907275569,37.149736242702
2016-01-01 04:00:00,85,208.569520474339,454.708784364041,82.5146219186645,46.2042126197497
2016-01-01 05:00:00,85,164.345938307567,478.474218804918,101.233656383014,42.4390578939986
2016-01-01 06:00:00,85,212.383152655139,408.992715011146,88.9915104249527,33.496591184051
2015-12-31 08:00:00,86,201.301923908288,406.197359527463,98.9089313184033,41.8366708708226
2015-12-31 09:00:00,86,176.2172069425,452.470538710798,95.1365027226197,44.1833348058783
2015-12-31 10:00:00,86,184.41057413342,317.842502411412,93.2093879886384,41.2447485798162
2015-12-31 11:00:00,86,185.798721378785,493.126991690031,82.2144575736652,42.6628411596553
2015-12-31 12:00:00,86,162.515173173648,500.652407121396,99.4469098420836,48.1846760951678
2015-12-31 13:00:00,86,171.4001276356,459.322118476443,102.985720404525,34.2397816728094
2015-12-31 14:00:00,86,213.765954457944,426.44810383902,89.8227208205407,40.9249718880556
2015-12-31 15:00:00,86,208.51068813716,497.87419184631,98.3113410668206,29.7639013308898
2015-12-31 16:00:00,86,179.713636793505,416.67159380455,87.4620889872681,42.5806088611943
2015-12-31 17:00:00,86,160.969664793656,401.927974907173,88.8584898727648,42.5996660431294
2015-12-31 18:00:00,86,160.109030852272,465.681023158656,98.6569981592114,48.4172177554777
2015-12-31 19:00:00,86,187.517302142347,484.685368803548,96.4421776343517,44.1426178155977
2015-12-31 20:00:00,86,192.292328329932,426.004702267024,88.3860145896623,47.3758641456668
2015-12-31 21:00:00,86,206.939803884086,511.135608837881,116.39899537249,28.8200717811306
2015-12-31 22:00:00,86,189.870775916875,339.019785381284,89.0940488643807,38.8945936869602
2015-12-31 23:00:00,86,221.313398523018,374.464044204008,103.518331851725,38.5859628347818
2016-01-01 00:00:00,86,181.74044791042,491.023139829811,101.494489007843,38.0646059558695
2016-01-01 01:00:00,86,192.922648819184,437.872388133019,82.4926769339625,40.024290807897
2016-01-01 02:00:00,86,204.023529992958,518.955898824932,105.300225797266,28.9973107172306
2016-01-01 03:00:00,86,187.598258742525,467.470239876312,103.234240704642,37.3112571993749
2016-01-01 04:00:00,86,192.539018530289,413.577840844583,106.859591297853,36.8585775713323
2016-01-01 05:00:00,86,178.995162384329,404.301507942577,94.6732824724656,52.8722833877098
2016-01-01 06:00:00,86,211.54840025308,434.175407697941,83.2524342454545,41.8636670936128
2015-12-31 08:00:00,87,194.001633678692,441.542800447029,95.581234077186,40.938662587266
2015-12-31 09:00:00,87,162.164918072398,355.139493885239,82.757446515461,36.0753628653344
2015-12-31 10:00:00,87,186.638759317073,494.912970044316,89.94067803436,40.7951612294498
2015-12-31 11:00:00,87,173.831728637146,502.376040393343,106.063906335236,43.2583016845397
2015-12-31 12:00:00,87,145.254446612817,483.42035894945,106.539936457829,33.8877836170918
2015-12-31 13:00:00,87,165.333324164956,509.29222254312,101.410296922828,48.9342121594312
2015-12-31 14:00:00,87,170.49956045188,414.377325310476,116.012078510971,43.9484698456079
2015-12-31 15:00:00,87,174.913310403146,508.756763453471,93.7305459481261,36.5744127586867
2015-12-31 16:00:00,87,145.794218086205,430.616622005297,103.589668529599,41.3054632975585
2015-12-31 17:00:00,87,153.753874886088,429.616078126525,102.094869412443,44.7109565402806
2015-12-31 18:00:00,87,209.172503243747,413.680584274981,114.704894928178,33.8386147239822
2015-12-31 19:00:00,87,180.136482700929,443.950609038738,112.920296523581,41.7640166999644
2015-12-31 20:00:00,87,152.38335701634,431.368159684905,110.42678657014,36.2036668809215
2015-12-31 21:00:00,87,163.718279654533,346.752232589885,93.1033053582122,36.8634083165984
2015-12-31 22:00:00,87,173.191374975995,402.383771502349,105.407715430793,33.0065712326813
2015-12-31 23:00:00,87,172.695306027999,409.203743079213,88.3372063445941,39.7521346341379
2016-01-01 00:00:00,87,173.60346125017,513.458458725531,75.3459613382272,38.2185503603886
2016-01-01 01:00:00,87,158.63542671253,448.322633261091,78.399529017592,39.5336210513689
2016-01-01 02:00:00,87,178.897150061235,389.353552682137,89.8293812488118,43.4855606319465
2016-01-01 03:00:00,87,162.456030355325,436.838125763001,99.8834233087694,32.7695767174737
2016-01-01 04:00:00,87,179.247194748403,348.996034029246,128.109122238122,43.8285028209732
2016-01-01 05:00:00,87,138.679782010815,479.718228993436,95.2856358722143,46.7662497433878
2016-01-01 06:00:00,87,196.229552484393,477.10686506939,97.6164654832927,44.7025298066997
2015-12-31 08:00:00,88,174.366911041108,420.294543564895,136.579260306475,28.8773672387148
2015-12-31 09:00:00,88,205.807057226749,513.22321057862,126.488028179055,38.1312432934728
2015-12-31 10:00:00,88,172.742772728202,514.731432465462,125.863162228558,34.8307333840979
2015-12-31 11:00:00,88,153.935462939622,534.293030777236,141.68190566386,35.2149906617515
2015-12-31 12:00:00,88,199.459465159433,419.174160679021,137.255491778702,38.3974189911541
2015-12-31 13:00:00,88,185.313194676399,503.046586787937,98.0613965257687,38.7892435198078
2015-12-31 14:00:00,88,153.119295853417,467.761864724832,120.785001126449,42.8015350627612
2015-12-31 15:00:00,88,195.714475305421,483.485782966873,130.557390699984,44.4380593067593
2015-12-31 16:00:00,88,175.953213649446,381.619893518726,116.951791597549,45.0725047720947
2015-12-31 17:00:00,88,185.110540028628,400.741669934614,123.449660609376,46.5986361178146
2015-12-31 18:00:00,88,210.860468642415,416.420484570388,132.690171431248,39.4969011603966
2015-12-31 19:00:00,88,189.289296643764,394.177255121932,121.588063775728,35.6392970404219
2015-12-31 20:00:00,88,166.434569162589,516.427281544751,139.345753097681,29.7365853517358
2015-12-31 21:00:00,88,173.609847087217,456.074767315231,107.897932417815,35.4742080508788
2015-12-31 22:00:00,88,152.015236690334,463.794373474766,136.240561693936,46.2007338490419
2015-12-31 23:00:00,88,159.043928901186,444.876551698917,117.309994064341,33.670346661791
2016-01-01 00:00:00,88,133.474099272635,420.246133031821,137.17614949038,31.3449611280664
2016-01-01 01:00:00,88,131.950344654846,468.205979220035,129.398937427652,32.8646722685123
2016-01-01 02:00:00,88,172.981635343091,433.352196199474,135.994543300432,42.5394410169465
2016-01-01 03:00:00,88,175.768816294111,538.648835917578,105.61883583056,45.3118200230352
2016-01-01 04:00:00,88,146.621912498346,367.621947417134,123.415545232597,39.3249856409007
2016-01-01 05:00:00,88,169.448015112441,535.887080179695,116.972676933405,45.1465354780326
2016-01-01 06:00:00,88,161.460060047185,425.834257180103,134.479604737469,47.5574705212396
2015-12-31 08:00:00,89,172.562996014189,415.072684778802,87.4743560649655,35.671538993503
2015-12-31 09:00:00,89,160.91767967626,434.083224699478,95.2370003600469,37.5739392302894
2015-12-31 10:00:00,89,137.200527475748,506.467948717412,125.871180151993,37.304016620552
2015-12-31 11:00:00,89,158.729192316408,449.371206570986,93.7342538715381,40.9739811290406
2015-12-31 12:00:00,89,172.531223988552,455.671767404093,97.0907807082033,43.5551283238
2015-12-31 13:00:00,89,184.12033556499,504.331969704052,100.154236789935,44.7886292389828
2015-12-31 14:00:00,89,158.541249958855,544.877335010684,99.6529254714645,35.7075668857219
2015-12-31 15:00:00,89,156.519551150057,547.795657430538,82.5176856346658,37.3267326756219
2015-12-31 16:00:00,89,199.739505449768,511.77201238625,86.9064367087931,29.6679826476763
2015-12-31 17:00:00,89,185.602058103957,499.707219953722,103.954222649485,44.804264548509
2015-12-31 18:00:00,89,173.403147917801,323.330069411197,125.468071511022,38.277205566337
2015-12-31 19:00:00,89,180.095462290942,408.16528087946,108.282660943294,40.0568514260417
2015-12-31 20:00:00,89,161.441590654231,474.9272646299,112.074675350202,35.2355010690733
2015-12-31 21:00:00,89,184.606555703294,404.948360076255,108.217664820553,38.3651069312631
2015-12-31 22:00:00,89,198.451709817704,418.695461033151,120.680500219835,42.0946432090325
2015-12-31 23:00:00,89,178.795315737821,467.991577299032,94.1265762464307,45.7031848702363
2016-01-01 00:00:00,89,182.530799426371,402.891251259717,105.472469388924,38.4964698822119
2016-01-01 01:00:00,89,185.917863656229,504.745391194637,93.7995946814869,39.6424612382522
2016-01-01 02:00:00,89,172.597091996448,390.042938765487,88.9523800511291,34.0792401843624
2016-01-01 03:00:00,89,175.257871730192,372.253953152328,91.8539525898144,41.2168081046869
2016-01-01 04:00:00,89,155.867338820549,389.311999140501,102.592991116237,37.241071134824
2016-01-01 05:00:00,89,144.251467509225,463.339590535734,112.637193208947,41.7687095026795
2016-01-01 06:00:00,89,196.957527657063,463.567145686159,93.4285179530551,33.5100082584706
2015-12-31 08:00:00,90,168.216473553076,470.973064566381,99.9648410733925,40.1626619876364
2015-12-31 09:00:00,90,197.620166979691,449.632014586515,110.771386573012,45.2043013792934
2015-12-31 10:00:00,90,201.397182482689,460.430879663288,109.277921076996,44.2933049629336
2015-12-31 11:00:00,90,171.558813830428,450.003007747221,123.595731398582,37.207259050076
2015-12-31 12:00:00,90,170.770128691727,449.891447276369,96.2098717316242,33.3461850012765
2015-12-31 13:00:00,90,176.94399881034,371.216960614028,109.726557311197,38.7852359209935
2015-12-31 14:00:00,90,174.320310882107,503.181785878792,92.5225015870157,34.6781757398293
2015-12-31 15:00:00,90,178.503676351061,516.53111622219,95.0831091799434,47.8410741374229
2015-12-31 16:00:00,90,161.346129428184,485.801012580382,91.6740563284703,37.7204399109126
2015-12-31 17:00:00,90,168.756280320987,408.331968911473,108.884716682303,35.9872703440168
2015-12-31 18:00:00,90,138.27773736111,413.935618114118,109.651624636265,43.862464324759
2015-12-31 19:00:00,90,169.241586927549,470.755876298912,92.1631801648043,37.4982733002994
2015-12-31 20:00:00,90,208.978388788544,412.375091958916,112.358848875724,53.2689961282273
2015-12-31 21:00:00,90,171.007641739961,466.948946648286,93.4368443745204,29.2828026978244
2015-12-31 22:00:00,90,191.593924561942,460.112398408282,107.916851949655,33.6753258263352
2015-12-31 23:00:00,90,163.110122105381,378.437334668741,94.975520672092,39.4973802329215
2016-01-01 00:00:00,90,170.463589061469,409.438567791981,94.2269214480494,33.3379273153269
2016-01-01 01:00:00,90,170.428134179779,511.17547088342,115.343125489056,34.6845498276909
2016-01-01 02:00:00,90,167.593421775572,494.996068208568,108.326367532949,36.8067469107941
2016-01-01 03:00:00,90,141.361538112795,467.915156524919,111.163359212138,33.9527088193287
2016-01-01 04:00:00,90,158.40855069932,343.262026088806,89.4268887975046,40.5106568952036
2016-01-01 05:00:00,90,161.161797332852,398.478642486654,102.999532614199,37.9894701710748
2016-01-01 06:00:00,90,172.245345148503,356.830322327429,104.220166005515,49.8485389309689
2015-12-31 08:00:00,91,160.919761868063,478.608629018251,101.01922056573,35.4480071068867
2015-12-31 09:00:00,91,174.567653292904,452.801073140531,112.828984626867,47.2448640569123
2015-12-31 10:00:00,91,169.584601462083,419.480989465778,94.6221676208571,39.6646042782382
2015-12-31 11:00:00,91,178.519892103605,451.837637614284,98.6938827709948,41.9331487273786
2015-12-31 12:00:00,91,157.550201468577,514.302937040276,104.480249118881,43.8302414240317
2015-12-31 13:00:00,91,188.10218665119,560.537258719625,84.0999125871058,31.5864170497283
2015-12-31 14:00:00,91,151.75558333615,366.072952001666,105.581952809057,40.0216102018168
2015-12-31 15:00:00,91,140.991306329479,422.45007019328,89.2813094763686,37.5988696576853
2015-12-31 16:00:00,91,187.50317478592,449.128558293848,114.764551975867,40.6519335769846
2015-12-31 17:00:00,91,172.682484590961,484.49150448527,94.3773972568337,36.6324114979395
2015-12-31 18:00:00,91,157.815881083922,484.364399798108,108.807527322118,40.1530551898906
2015-12-31 19:00:00,91,182.484590352942,436.458932502167,99.3285903660702,44.8128470273935
2015-12-31 20:00:00,91,154.745229088074,470.81000149854,95.3515358950376,44.1555778688223
2015-12-31 21:00:00,91,164.553342279793,484.437451292798,96.6669761311447,44.4522234789632
2015-12-31 22:00:00,91,146.796379500558,457.093303730666,108.440962358305,39.6522622378426
2015-12-31 23:00:00,91,140.811398913888,431.293726532806,94.5855903685399,43.4227262304791
2016-01-01 00:00:00,91,178.409372688133,471.737432706704,108.192492117178,37.8305474807765
2016-01-01 01:00:00,91,190.639367419997,447.127609122212,97.005110837804,41.7551152861364
2016-01-01 02:00:00,91,170.314790873273,519.83144625175,80.1958341878842,32.065509900649
2016-01-01 03:00:00,91,137.134341373309,439.549900544183,98.7619747237858,45.0809024844826
2016-01-01 04:00:00,91,171.88561736053,386.908486206398,81.22809065974,43.980420748957
2016-01-01 05:00:00,91,172.246493735797,444.54914215672,106.178161866588,35.511649643837
2016-01-01 06:00:00,91,165.002635658881,473.41070042772,75.5593021704725,38.272293032201
2015-12-31 08:00:00,92,176.028325911676,490.617054350486,105.428103124615,33.3803287736053
2015-12-31 09:00:00,92,169.456546769383,487.329473680596,101.442654015873,44.0435031207707
2015-12-31 10:00:00,92,199.568981442839,474.054364877954,97.0682691609486,44.1561067140797
2015-12-31 11:00:00,92,170.651032484762,461.123129595767,79.4906519520025,37.4000428417039
2015-12-31 12:00:00,92,175.821126804367,517.602084528945,96.6668749333045,56.3951736338757
2015-12-31 13:00:00,92,174.817057385934,403.694361136799,104.58149285562,35.4046566596253
2015-12-31 14:00:00,92,153.659258439776,373.982588518979,106.434511178967,37.6889796984089
2015-12-31 15:00:00,92,172.873627843616,488.332454126392,103.214420942349,32.2804139444212
2015-12-31 16:00:00,92,152.940561821185,437.370447916236,89.6378166996099,38.6863968295758
2015-12-31 17:00:00,92,171.430858994884,511.220556430595,105.747264646068,23.6253548051478
2015-12-31 18:00:00,92,188.58974234807,398.219187155061,96.4223879715797,42.6947966295465
2015-12-31 19:00:00,92,165.454356798295,432.812122832372,87.544662262362,31.8388753887767
2015-12-31 20:00:00,92,164.552121202319,391.043269334547,96.6389913663822,41.4440855721901
2015-12-31 21:00:00,92,169.61168313498,490.214685358698,106.465949536524,29.3326414854881
2015-12-31 22:00:00,92,174.212204986102,431.031880732684,112.522641534841,43.1336255168084
2015-12-31 23:00:00,92,174.636159068057,485.545369997204,87.0107267014799,39.3442634625123
2016-01-01 00:00:00,92,169.459288948276,518.551462574931,115.191112686629,48.7179449215398
2016-01-01 01:00:00,92,175.651490638438,462.001234583356,89.6508715213458,41.1438692084552
2016-01-01 02:00:00,92,188.087304443668,449.215903030119,95.5386521292401,37.0099090224226
2016-01-01 03:00:00,92,155.680082888998,429.146334516026,94.3220227095544,33.6561688396487
2016-01-01 04:00:00,92,195.39956111165,441.632633309119,103.553301762257,31.5132953443277
2016-01-01 05:00:00,92,175.033127938564,486.771337253589,106.019841088637,36.5835594561384
2016-01-01 06:00:00,92,182.828969447166,479.911861271113,79.8223299557811,30.2287187368709
2015-12-31 08:00:00,93,186.33617802373,413.347884178945,89.4961395996809,48.0538709261196
2015-12-31 09:00:00,93,187.431142881626,393.91013952112,90.8869165551633,50.8628885644467
2015-12-31 10:00:00,93,174.769076149664,418.661501679739,89.742093361952,44.0502344606558
2015-12-31 11:00:00,93,165.018989483903,421.701935664754,100.920771602122,46.7078776955326
2015-12-31 12:00:00,93,201.27528603054,465.607614807249,86.5119235026911,53.3820755168295
2015-12-31 13:00:00,93,182.955940739016,473.478396022811,102.08504370585,51.9222931646373
2015-12-31 14:00:00,93,157.03008153758,503.117328028471,94.7379077136671,44.7881546649251
2015-12-31 15:00:00,93,169.760347733562,435.329257400302,85.2672660477141,49.8727963775025
2015-12-31 16:00:00,93,173.402152515714,389.868907526836,105.182708108519,53.0628201364837
2015-12-31 17:00:00,93,169.776055013748,412.956081650883,89.8298157975919,51.021367235886
2015-12-31 18:00:00,93,191.135071967089,465.806633944408,113.227711960912,39.0310652731839
2015-12-31 19:00:00,93,169.43358706316,470.625217659551,99.811593916478,48.7470430307203
2015-12-31 20:00:00,93,178.482082393683,526.581378709705,87.14880550453,52.8528471734992
2015-12-31 21:00:00,93,160.273984843715,465.006705691295,99.5876580891164,49.1059395339887
2015-12-31 22:00:00,93,165.012302102984,455.643429250826,107.478570078306,43.633270375384
2015-12-31 23:00:00,93,183.378559172681,486.381352432754,116.898585226841,53.7129941770023
2016-01-01 00:00:00,93,166.090360028549,431.553925301017,96.0235774336754,55.0447060669041
2016-01-01 01:00:00,93,173.077535478759,398.007457835745,92.5687887039775,42.2984510514482
2016-01-01 02:00:00,93,202.858467335514,412.870854746918,85.5698471821552,47.7016137188835
2016-01-01 03:00:00,93,171.364527240373,459.880473321364,94.3167932812194,47.5921364755251
2016-01-01 04:00:00,93,182.867118661336,491.584480456039,90.3326426077554,58.5927103580549
2016-01-01 05:00:00,93,166.943544798217,352.047138424157,82.0689539969403,46.2563612058208
2016-01-01 06:00:00,93,186.324464128144,459.33785646312,114.542400983953,48.1912454475898
2015-12-31 08:00:00,94,176.940111735739,571.477741434094,99.0707639033046,36.4563613390015
2015-12-31 09:00:00,94,172.618116046938,441.684927089281,101.75748661479,39.8271779037108
2015-12-31 10:00:00,94,181.248816672908,417.91222898402,102.120340160099,44.2851949035823
2015-12-31 11:00:00,94,183.693787461774,411.861786049277,83.5396493271393,41.1756884354792
2015-12-31 12:00:00,94,183.319338004618,390.274819214394,82.6587408553342,41.7448489353856
2015-12-31 13:00:00,94,162.924873602771,433.085264990922,101.348322227289,36.7600299392665
2015-12-31 14:00:00,94,163.622442014091,514.497822562753,102.866025153742,45.661306542713
2015-12-31 15:00:00,94,186.607341826587,440.970336208648,99.8226037433203,35.6441261970511
2015-12-31 16:00:00,94,187.996312731034,458.772586527553,99.0585193401615,46.988914661501
2015-12-31 17:00:00,94,174.246862049096,442.98474556118,100.390747388704,34.5987939383045
2015-12-31 18:00:00,94,155.231719216196,498.794315891864,85.0616177907876,47.5325903709286
2015-12-31 19:00:00,94,171.199084236289,396.695542235176,94.2566679750538,41.8360086932392
2015-12-31 20:00:00,94,188.365869165664,479.310482834647,100.401439522311,35.2370063024602
2015-12-31 21:00:00,94,176.769280572823,545.977994508241,134.427369801691,35.3585319143561
2015-12-31 22:00:00,94,164.461216970058,428.396895356888,111.686633151222,35.3037720177249
2015-12-31 23:00:00,94,185.059231924291,380.550437282218,119.761645189205,53.777399527992
2016-01-01 00:00:00,94,150.581574649124,553.207661381631,121.774507198408,50.6897290880383
2016-01-01 01:00:00,94,157.02484349816,467.730586251104,130.081651116171,40.573917325395
2016-01-01 02:00:00,94,191.330100089138,378.690350226832,127.820828907462,49.9105879240595
2016-01-01 03:00:00,94,191.313184371035,444.036541738828,132.937860001643,36.1640693384474
2016-01-01 04:00:00,94,187.95278852012,419.430149511557,120.105253256891,40.7064976930056
2016-01-01 05:00:00,94,180.425830171606,387.657668926974,132.867562157988,46.3960708404852
2016-01-01 06:00:00,94,171.397960878048,560.595201929576,117.687660959995,39.1919117177192
2015-12-31 08:00:00,95,192.643185433102,468.788631935053,113.341789396149,34.7089917606356
2015-12-31 09:00:00,95,163.493900432814,578.182827710612,81.9968365740231,31.1986174775101
2015-12-31 10:00:00,95,157.052194660813,424.452560006599,93.5669015558717,43.8786994743943
2015-12-31 11:00:00,95,166.588094827878,399.864310664984,100.940029617265,43.0292611486176
2015-12-31 12:00:00,95,178.372084826655,408.775770202618,105.098401792581,36.8608382201239
2015-12-31 13:00:00,95,178.582580686131,370.829906815206,96.6535082134387,36.7415331949169
2015-12-31 14:00:00,95,197.167490345057,422.679866197305,89.9513981637824,41.9456970482465
2015-12-31 15:00:00,95,167.752149617339,469.25531984143,127.656962300994,38.8525501345855
2015-12-31 16:00:00,95,161.357360187971,466.279784721028,110.506812257219,34.1650836749022
2015-12-31 17:00:00,95,172.521430149979,453.60098159351,100.286259700523,42.0112203068588
2015-12-31 18:00:00,95,183.538264164362,476.240677159222,90.9455938173726,50.2072284581825
2015-12-31 19:00:00,95,179.722793079311,556.172494463421,97.9279108912343,33.3813109887727
2015-12-31 20:00:00,95,172.137598807981,395.715180979766,95.6031325601125,24.4599325011401
2015-12-31 21:00:00,95,166.744751038528,518.475037799018,88.4643942361893,46.869847308837
2015-12-31 22:00:00,95,174.875864345167,422.354371482349,85.4830248842351,32.0051416036356
2015-12-31 23:00:00,95,155.95054760534,442.090499574237,95.7232087890787,42.2048885144592
2016-01-01 00:00:00,95,175.520087011761,368.620386310196,101.414787042613,43.6974437472325
2016-01-01 01:00:00,95,185.734663578617,503.010024493223,101.732206109086,44.7473787037972
2016-01-01 02:00:00,95,162.023059216495,396.810014164782,105.080357439293,48.6342015458806
2016-01-01 03:00:00,95,185.141953229469,496.988967977389,99.8082078301955,34.7130811267677
2016-01-01 04:00:00,95,167.419408025345,325.856838414968,97.2344780769302,45.4559079143285
2016-01-01 05:00:00,95,181.805247172362,397.746614527757,109.751838384497,38.1970824158062
2016-01-01 06:00:00,95,189.171616064859,438.858153852747,87.6816134521139,43.9061118818258
2015-12-31 08:00:00,96,144.000510321174,361.359694729003,115.052890043021,42.3554930724264
2015-12-31 09:00:00,96,183.996250869236,397.712944273023,98.2135222350818,34.7418514568522
2015-12-31 10:00:00,96,166.049548600595,471.3166248494,114.431759821846,48.0381239790872
2015-12-31 11:00:00,96,202.861352288616,492.97959722071,102.155700842703,38.226732537404
2015-12-31 12:00:00,96,161.713134947153,457.37391400918,91.8709456316208,42.6701682216327
2015-12-31 13:00:00,96,201.76914864724,397.963627721097,106.53896066987,44.451753604307
2015-12-31 14:00:00,96,172.561207142841,463.393414199257,105.825136668762,34.2772737965928
2015-12-31 15:00:00,96,157.558743003991,429.610317637679,101.198872371915,36.235092147336
2015-12-31 16:00:00,96,168.586521158001,434.871693304138,117.163595700945,48.4263719380684
2015-12-31 17:00:00,96,174.040304943049,415.355943081448,127.470057285671,42.0477450878379
2015-12-31 18:00:00,96,144.306008301527,480.778716790913,107.145491548382,47.4767272465422
2015-12-31 19:00:00,96,166.344275003379,471.148171338003,81.8182804828592,35.9426352078209
2015-12-31 20:00:00,96,175.008540971121,450.12394988849,85.5122334294402,45.8263264974144
2015-12-31 21:00:00,96,176.437395509928,496.725777509687,97.0419084469267,41.7456118193228
2015-12-31 22:00:00,96,181.77236852881,441.177548086597,108.211360909738,34.6949027026007
2015-12-31 23:00:00,96,154.980053850048,391.835809624422,102.536324642318,44.8864195523089
2016-01-01 00:00:00,96,175.717112302153,459.915050828171,102.056063157707,37.3137365557543
2016-01-01 01:00:00,96,188.664459446401,487.628145345592,107.589176304079,30.7361131580488
2016-01-01 02:00:00,96,148.08745720002,490.104281224218,94.5770393981894,40.2302473273442
2016-01-01 03:00:00,96,161.739023267099,506.758957336627,84.4865513533031,39.4523295781547
2016-01-01 04:00:00,96,129.156343491533,520.313612998545,104.218215396806,40.454909058917
2016-01-01 05:00:00,96,185.39199971949,360.998545866298,95.9915935643242,42.4066643491911
2016-01-01 06:00:00,96,157.157423976996,380.691266359316,102.885776600583,35.4457394244715
2015-12-31 08:00:00,97,180.253779497579,451.480436078135,60.6952425313813,39.3911760718324
2015-12-31 09:00:00,97,182.440364292502,513.328311262316,101.325249523016,37.3367952891411
2015-12-31 10:00:00,97,164.77017267139,460.026194847936,85.6408601369641,31.8962078091312
2015-12-31 11:00:00,97,182.951037790809,388.60294039497,88.1110740327506,37.2123148158132
2015-12-31 12:00:00,97,170.108044317359,498.577290844521,86.7532324608697,38.0272053050615
2015-12-31 13:00:00,97,185.390265848686,514.736385876251,93.764363867443,41.8630267695156
2015-12-31 14:00:00,97,178.918806819112,462.157597730651,99.8882689443499,43.9672444037884
2015-12-31 15:00:00,97,173.310150649672,493.777257285622,96.6943212230889,42.7026515604436
2015-12-31 16:00:00,97,163.271546651634,427.133863815984,88.0456085654301,37.6651300101804
2015-12-31 17:00:00,97,181.219637059831,347.319414492521,101.339163135029,46.7472931226358
2015-12-31 18:00:00,97,171.809615639961,480.832207752171,105.500722787801,49.5840517835384
2015-12-31 19:00:00,97,172.939096460245,418.425269076723,92.4375182152661,44.4197637916221
2015-12-31 20:00:00,97,176.100203847557,525.019752453731,101.358215145185,42.6876599019858
2015-12-31 21:00:00,97,169.331859113349,503.743519601313,100.244477232875,32.0161358250921
2015-12-31 22:00:00,97,159.952845710821,487.262309465261,101.433790129706,40.0575538466642
2015-12-31 23:00:00,97,156.992520254395,502.425515086528,93.5717986601974,37.9350465792039
2016-01-01 00:00:00,97,192.99646728232,488.085546867145,104.299054598831,41.0617360683107
2016-01-01 01:00:00,97,173.881345125694,461.679981214995,112.734141343105,45.2122763068679
2016-01-01 02:00:00,97,168.756556044811,522.348410793803,107.788188074381,49.061867888121
2016-01-01 03:00:00,97,151.618280995724,392.702025572844,98.4415326813472,32.4597596304518
2016-01-01 04:00:00,97,194.995971334525,400.394425570945,94.973733151979,41.1539567343071
2016-01-01 05:00:00,97,184.873488847879,423.281343332537,82.2017154052418,36.2264199482944
2016-01-01 06:00:00,97,159.607755973487,458.143798758613,100.94522957796,40.0115992113266
2015-12-31 08:00:00,98,181.786853066217,403.410366717452,126.148771121579,45.6586391243603
2015-12-31 09:00:00,98,178.79578745517,365.966114152965,118.965903537184,41.0299874291813
2015-12-31 10:00:00,98,135.603724071452,401.777226925741,132.640745563152,36.0580911094991
2015-12-31 11:00:00,98,185.442417359744,515.883858733394,112.97428217717,39.5980676873775
2015-12-31 12:00:00,98,155.360220091142,460.017532105049,117.804487103159,37.4782364679894
2015-12-31 13:00:00,98,138.094074641408,398.365829605597,128.414169586404,43.5031708885107
2015-12-31 14:00:00,98,161.804693615922,489.669591880144,135.825315552739,38.5405941066353
2015-12-31 15:00:00,98,170.893865851036,415.692301511104,121.265400335003,34.6662952570976
2015-12-31 16:00:00,98,176.382504118916,367.967604191628,123.441411806616,41.1264982589385
2015-12-31 17:00:00,98,182.561759018303,507.15634131903,128.642601278183,35.6676565135205
2015-12-31 18:00:00,98,150.556866604942,522.911572858103,121.934770675698,40.6610122699008
2015-12-31 19:00:00,98,149.945631646846,452.81022308023,138.160914413436,45.6341958686417
2015-12-31 20:00:00,98,176.211595557275,446.3156192537,141.461117232098,38.4380452915838
2015-12-31 21:00:00,98,172.023103039772,359.260698648524,144.636681676669,43.9710938730673
2015-12-31 22:00:00,98,187.73483215055,478.473639870654,123.094623661466,37.9380728372035
2015-12-31 23:00:00,98,174.638344458476,465.75414810951,123.33475378136,42.3050536943085
2016-01-01 00:00:00,98,201.139660719194,431.632825911864,127.493549410191,47.6745444840966
2016-01-01 01:00:00,98,155.161734180983,526.828640509993,129.981703133048,43.0425741207233
2016-01-01 02:00:00,98,164.321318989902,447.495715212737,105.127837342943,52.2495116399778
2016-01-01 03:00:00,98,180.410465072383,485.467071152197,117.467660756948,37.3211103672762
2016-01-01 04:00:00,98,158.354200744901,389.828191387683,121.270783743218,38.2014889111056
2016-01-01 05:00:00,98,193.754368316428,450.198920875694,127.851932389019,39.8000551729027
2016-01-01 06:00:00,98,165.717790148792,501.52019445822,114.55341218885,37.6965040451894
2015-12-31 08:00:00,99,154.178033201389,376.013109034455,91.7570119768251,45.4880262610824
2015-12-31 09:00:00,99,175.2389548174,436.854287384297,96.315808626761,34.7128619582799
2015-12-31 10:00:00,99,140.158470475521,515.642913884498,106.833909318682,38.0960671528424
2015-12-31 11:00:00,99,170.098077793554,501.222294608848,95.4609110045142,39.5326816959515
2015-12-31 12:00:00,99,173.19581585705,506.253755121741,98.4445233948389,38.5187988084493
2015-12-31 13:00:00,99,176.230828614845,411.845140572252,98.8809240761751,34.6139887730941
2015-12-31 14:00:00,99,180.064800556101,472.277778057361,111.014210680904,44.6826823123682
2015-12-31 15:00:00,99,167.741888916818,418.630360060509,108.141847912889,42.0791730543734
2015-12-31 16:00:00,99,169.435931271689,453.089593724674,107.037723895481,39.7448139529602
2015-12-31 17:00:00,99,165.334357679294,487.327896744917,98.4545400850694,40.174144115989
2015-12-31 18:00:00,99,188.02442651245,485.537313405173,123.763248455849,33.8655730725632
2015-12-31 19:00:00,99,156.214740459061,491.265918054487,95.8489562878374,42.4815161673072
2015-12-31 20:00:00,99,163.853609673966,414.008785203173,102.647586552838,40.2341720962152
2015-12-31 21:00:00,99,178.899125217423,425.840687445177,106.577836318391,48.3323031320809
2015-12-31 22:00:00,99,177.646934436978,428.816057034209,99.2235088255538,50.9496126377451
2015-12-31 23:00:00,99,134.562385225805,513.901374597083,101.972270518689,41.3969942879132
2016-01-01 00:00:00,99,153.119794127651,473.696597042233,96.0991580431755,38.6476098705669
2016-01-01 01:00:00,99,150.76030391942,491.390537105549,92.8573462602949,51.6424488175338
2016-01-01 02:00:00,99,166.719608213906,462.956239205033,101.251044275231,44.4509161575695
2016-01-01 03:00:00,99,168.434192787554,462.373729944509,98.37906222474,35.3915023894096
2016-01-01 04:00:00,99,191.505729848893,418.940906003894,101.018747327543,43.2042430424118
2016-01-01 05:00:00,99,185.423809513706,416.284421587986,99.5645614969592,38.00632851226
2016-01-01 06:00:00,99,168.439622661931,427.990029353108,107.899978732345,44.1931507280708
2015-12-31 08:00:00,100,180.806069258742,578.429998881739,109.781493149066,39.1122076453799
2015-12-31 09:00:00,100,183.114783033713,425.073953689563,95.2642120120949,35.9439797050591
2015-12-31 10:00:00,100,204.1909372551,478.381674888791,107.989027594931,43.8261979670299
2015-12-31 11:00:00,100,185.101537844451,505.576170881065,104.01468073054,33.6804966143882
2015-12-31 12:00:00,100,182.398028399154,396.362305429322,91.3213043376858,35.3362062603214
2015-12-31 13:00:00,100,164.742158198887,425.598338935741,99.1939498935705,36.8393656372421
2015-12-31 14:00:00,100,160.264545386713,356.662575961415,112.160687508549,38.1885537214211
2015-12-31 15:00:00,100,177.526963115653,388.490938225664,103.939117854318,50.8322099241915
2015-12-31 16:00:00,100,164.729170720464,448.894574842921,99.7631312715667,43.9163011462247
2015-12-31 17:00:00,100,191.020128176256,537.789372850089,105.847231911539,45.7912647282423
2015-12-31 18:00:00,100,196.932833649823,360.053876184585,102.923230213487,30.3981813738909
2015-12-31 19:00:00,100,138.506098323508,497.861209738189,112.52503869162,34.8671956071127
2015-12-31 20:00:00,100,162.797903656286,415.37846469293,79.5849584369545,27.4570010705546
2015-12-31 21:00:00,100,153.404573673837,552.012585530146,99.1329547882176,37.6668062207249
2015-12-31 22:00:00,100,169.3973456317,546.144572239601,107.607029798863,38.6956008774319
2015-12-31 23:00:00,100,152.182032568494,414.011629546913,117.426339735606,43.9667086350508
2016-01-01 00:00:00,100,168.740038579661,439.484112007215,103.158232707673,47.2890003434473
2016-01-01 01:00:00,100,162.742668907114,481.253908273463,101.589734668765,44.3827538349999
2016-01-01 02:00:00,100,179.438161745219,395.222827287814,102.290714700202,50.7719407043231
2016-01-01 03:00:00,100,189.617555333139,446.207972301476,98.1806067830775,35.123071662347
2016-01-01 04:00:00,100,192.483414397795,447.816524239779,94.1328367488952,48.3145610293858
2016-01-01 05:00:00,100,165.475309950353,413.771669962722,104.081072850263,44.8352586586843
2016-01-01 06:00:00,100,171.336036580394,496.096869576299,79.095538105869,37.8452454584222
